edgeuser4,5.0,0.37496021841500005
edgeuser3,5.0,0.0
edgeuser2,5.0,0.24190422134527775
edgeuser1,5.0,0.23243963796916667
netcloudhost4,5.0,0.0
netcloudhost3,5.0,0.0
netcloudhost2,5.0,0.0
netcloudhost1,5.0,0.0
internethost,5.0,0.16666701438398152
edgeuser4,10.0,0.38016199559388897
edgeuser3,10.0,0.0
edgeuser2,10.0,0.23669602692222225
edgeuser1,10.0,0.20309622162333332
netcloudhost4,10.0,0.0
netcloudhost3,10.0,0.0
netcloudhost2,10.0,0.0
netcloudhost1,10.0,0.0
internethost,10.0,0.1666669527010448
edgeuser4,15.0,0.38094910717555563
edgeuser3,15.0,0.0
edgeuser2,15.0,0.28277838762694446
edgeuser1,15.0,0.2731213043898611
netcloudhost4,15.0,0.0
netcloudhost3,15.0,0.0
netcloudhost2,15.0,0.0
netcloudhost1,15.0,0.0
internethost,15.0,0.1666676682048275
edgeuser4,20.0,0.3386333306383334
edgeuser3,20.0,0.0
edgeuser2,20.0,0.24631888825791665
edgeuser1,20.0,0.37060116523361114
netcloudhost4,20.0,0.0
netcloudhost3,20.0,0.0
netcloudhost2,20.0,0.0
netcloudhost1,20.0,0.0
internethost,20.0,0.16666700648428312
edgeuser4,25.0,0.3469536084161111
edgeuser3,25.0,0.0
edgeuser2,25.0,0.23722005499944443
edgeuser1,25.0,0.28430769373861114
netcloudhost4,25.0,0.0
netcloudhost3,25.0,0.0
netcloudhost2,25.0,0.0
netcloudhost1,25.0,0.0
internethost,25.0,0.16666689942704496
edgeuser4,30.0,0.36400055315999996
edgeuser3,30.0,0.0
edgeuser2,30.0,0.2236316941236111
edgeuser1,30.0,0.19428613862152777
netcloudhost4,30.0,0.0
netcloudhost3,30.0,0.0
netcloudhost2,30.0,0.0
netcloudhost1,30.0,0.0
internethost,30.0,0.16666717342254367
edgeuser4,35.0,0.32004638649333333
edgeuser3,35.0,0.0
edgeuser2,35.0,0.3527371652763889
edgeuser1,35.0,0.22892758277722225
netcloudhost4,35.0,0.0
netcloudhost3,35.0,0.0
netcloudhost2,35.0,0.0
netcloudhost1,35.0,0.0
internethost,35.0,0.16666697748390202
edgeuser4,40.0,0.33911244119333334
edgeuser3,40.0,0.0
edgeuser2,40.0,0.3804101090577778
edgeuser1,40.0,0.23663399910166666
netcloudhost4,40.0,0.0
netcloudhost3,40.0,0.0
netcloudhost2,40.0,0.0
netcloudhost1,40.0,0.0
internethost,40.0,0.1666669932571848
edgeuser4,45.0,0.3584180527322222
edgeuser3,45.0,0.0
edgeuser2,45.0,0.27705472128111114
edgeuser1,45.0,0.22552461046944447
netcloudhost4,45.0,0.0
netcloudhost3,45.0,0.0
netcloudhost2,45.0,0.0
netcloudhost1,45.0,0.0
internethost,45.0,0.1666669327494096
edgeuser4,50.0,0.35652727525388894
edgeuser3,50.0,0.0
edgeuser2,50.0,0.26438608232805555
edgeuser1,50.0,0.2085974439738889
netcloudhost4,50.0,0.0
netcloudhost3,50.0,0.0
netcloudhost2,50.0,0.0
netcloudhost1,50.0,0.0
internethost,50.0,0.16666680201918965
edgeuser4,55.0,0.3399252196127778
edgeuser3,55.0,0.0
edgeuser2,55.0,0.26443955462513885
edgeuser1,55.0,0.19760783300180554
netcloudhost4,55.0,0.0
netcloudhost3,55.0,0.0
netcloudhost2,55.0,0.0
netcloudhost1,55.0,0.0
internethost,55.0,0.16666759399989034
edgeuser4,60.0,0.34894277508277777
edgeuser3,60.0,0.0
edgeuser2,60.0,0.24417572135597224
edgeuser1,60.0,0.2636930822959722
netcloudhost4,60.0,0.0
netcloudhost3,60.0,0.0
netcloudhost2,60.0,0.0
netcloudhost1,60.0,0.0
internethost,60.0,0.16666687914897468
edgeuser4,65.0,0.35645027465500007
edgeuser3,65.0,0.0
edgeuser2,65.0,0.21705033265958334
edgeuser1,65.0,0.25291522120625
netcloudhost4,65.0,0.0
netcloudhost3,65.0,0.0
netcloudhost2,65.0,0.0
netcloudhost1,65.0,0.0
internethost,65.0,0.1666673790366848
edgeuser4,70.0,0.3466413310661111
edgeuser3,70.0,0.0
edgeuser2,70.0,0.2285297494225
edgeuser1,70.0,0.22098802732861111
netcloudhost4,70.0,0.0
netcloudhost3,70.0,0.0
netcloudhost2,70.0,0.0
netcloudhost1,70.0,0.0
internethost,70.0,0.16666697830651522
edgeuser4,75.0,0.35533805363055554
edgeuser3,75.0,0.0
edgeuser2,75.0,0.2959817491230555
edgeuser1,75.0,0.3045651102234722
netcloudhost4,75.0,0.0
netcloudhost3,75.0,0.0
netcloudhost2,75.0,0.0
netcloudhost1,75.0,0.0
internethost,75.0,0.1666671227600142
edgeuser4,80.0,0.3687146638433333
edgeuser3,80.0,0.0
edgeuser2,80.0,0.34491524885569447
edgeuser1,80.0,0.27991441582180554
netcloudhost4,80.0,0.0
netcloudhost3,80.0,0.0
netcloudhost2,80.0,0.0
netcloudhost1,80.0,0.0
internethost,80.0,0.16666703756078421
edgeuser4,85.0,0.34499010880111114
edgeuser3,85.0,0.0
edgeuser2,85.0,0.3255219434284723
edgeuser1,85.0,0.2154654163351389
netcloudhost4,85.0,0.0
netcloudhost3,85.0,0.0
netcloudhost2,85.0,0.0
netcloudhost1,85.0,0.0
internethost,85.0,0.16666703929741206
edgeuser4,90.0,0.3620926641
edgeuser3,90.0,0.0
edgeuser2,90.0,0.25495786045874996
edgeuser1,90.0,0.3193683601058333
netcloudhost4,90.0,0.0
netcloudhost3,90.0,0.0
netcloudhost2,90.0,0.0
netcloudhost1,90.0,0.0
internethost,90.0,0.16666723265069808
edgeuser4,95.0,0.3566769972622222
edgeuser3,95.0,0.0
edgeuser2,95.0,0.2994103880119445
edgeuser1,95.0,0.2055644996577778
netcloudhost4,95.0,0.0
netcloudhost3,95.0,0.0
netcloudhost2,95.0,0.0
netcloudhost1,95.0,0.0
internethost,95.0,0.16666722757138802
edgeuser4,100.0,0.3514794975188889
edgeuser3,100.0,0.0
edgeuser2,100.0,0.3318915542615278
edgeuser1,100.0,0.21328161070472224
netcloudhost4,100.0,0.0
netcloudhost3,100.0,0.0
netcloudhost2,100.0,0.0
netcloudhost1,100.0,0.0
internethost,100.0,0.1666668584008404
edgeuser4,105.0,0.3381670527322222
edgeuser3,105.0,0.0
edgeuser2,105.0,0.2502244992513889
edgeuser1,105.0,0.2791379992513889
netcloudhost4,105.0,0.0
netcloudhost3,105.0,0.0
netcloudhost2,105.0,0.0
netcloudhost1,105.0,0.0
internethost,105.0,0.16666716009098648
edgeuser4,110.0,0.3432704420916667
edgeuser3,110.0,0.0
edgeuser2,110.0,0.2701995825526389
edgeuser1,110.0,0.3231285266334722
netcloudhost4,110.0,0.0
netcloudhost3,110.0,0.0
netcloudhost2,110.0,0.0
netcloudhost1,110.0,0.0
internethost,110.0,0.16666684842502288
edgeuser4,115.0,0.35852071901388893
edgeuser3,115.0,0.0
edgeuser2,115.0,0.26352624931555557
edgeuser1,115.0,0.3134671655544445
netcloudhost4,115.0,0.0
netcloudhost3,115.0,0.0
netcloudhost2,115.0,0.0
netcloudhost1,115.0,0.0
internethost,115.0,0.16666699149444217
edgeuser4,120.0,0.34649588602277775
edgeuser3,120.0,0.0
edgeuser2,120.0,0.2140344995722222
edgeuser1,120.0,0.2319177492941667
netcloudhost4,120.0,0.0
netcloudhost3,120.0,0.0
netcloudhost2,120.0,0.0
netcloudhost1,120.0,0.0
internethost,120.0,0.166667007568044
edgeuser4,125.0,0.3337267196127777
edgeuser3,125.0,0.0
edgeuser2,125.0,0.2401952494438889
edgeuser1,125.0,0.22158477731791668
netcloudhost4,125.0,0.0
netcloudhost3,125.0,0.0
netcloudhost2,125.0,0.0
netcloudhost1,125.0,0.0
internethost,125.0,0.1666667932054765
edgeuser4,130.0,0.3016647758527778
edgeuser3,130.0,0.0
edgeuser2,130.0,0.27887277699708335
edgeuser1,130.0,0.30851349900541664
netcloudhost4,130.0,0.0
netcloudhost3,130.0,0.0
netcloudhost2,130.0,0.0
netcloudhost1,130.0,0.0
internethost,130.0,0.16666678859623055
edgeuser4,135.0,0.34715894230555555
edgeuser3,135.0,0.0
edgeuser2,135.0,0.3805555542722222
edgeuser1,135.0,0.33669549890916667
netcloudhost4,135.0,0.0
netcloudhost3,135.0,0.0
netcloudhost2,135.0,0.0
netcloudhost1,135.0,0.0
internethost,135.0,0.16666688559930753
edgeuser4,140.0,0.3779888856377777
edgeuser3,140.0,0.0
edgeuser2,140.0,0.37544574833166666
edgeuser1,140.0,0.24921066589666668
netcloudhost4,140.0,0.0
netcloudhost3,140.0,0.0
netcloudhost2,140.0,0.0
netcloudhost1,140.0,0.0
internethost,140.0,0.16666680964468375
edgeuser4,145.0,0.34188016375777774
edgeuser3,145.0,0.0
edgeuser2,145.0,0.3332005541652778
edgeuser1,145.0,0.3322145263661111
netcloudhost4,145.0,0.0
netcloudhost3,145.0,0.0
netcloudhost2,145.0,0.0
netcloudhost1,145.0,0.0
internethost,145.0,0.16666707070034598
edgeuser4,150.0,0.34684666418555554
edgeuser3,150.0,0.0
edgeuser2,150.0,0.22931472170888892
edgeuser1,150.0,0.23666180495666664
netcloudhost4,150.0,0.0
netcloudhost3,150.0,0.0
netcloudhost2,150.0,0.0
netcloudhost1,150.0,0.0
internethost,150.0,0.16666701518048052
edgeuser4,155.0,0.33397483085222224
edgeuser3,155.0,0.0
edgeuser2,155.0,0.22561016615333332
edgeuser1,155.0,0.24908233252055553
netcloudhost4,155.0,0.0
netcloudhost3,155.0,0.0
netcloudhost2,155.0,0.0
netcloudhost1,155.0,0.0
internethost,155.0,0.1666668026459423
edgeuser4,160.0,0.3648903302961111
edgeuser3,160.0,0.0
edgeuser2,160.0,0.23507261046944444
edgeuser1,160.0,0.2347774436851389
netcloudhost4,160.0,0.0
netcloudhost3,160.0,0.0
netcloudhost2,160.0,0.0
netcloudhost1,160.0,0.0
internethost,160.0,0.1666668443250138
edgeuser4,165.0,0.35396916371500003
edgeuser3,165.0,0.0
edgeuser2,165.0,0.2711599434498611
edgeuser1,165.0,0.24443024922999998
netcloudhost4,165.0,0.0
netcloudhost3,165.0,0.0
netcloudhost2,165.0,0.0
netcloudhost1,165.0,0.0
internethost,165.0,0.166666921271996
edgeuser4,170.0,0.3339534424338889
edgeuser3,170.0,0.0
edgeuser2,170.0,0.37357635983847215
edgeuser1,170.0,0.23061730498875002
netcloudhost4,170.0,0.0
netcloudhost3,170.0,0.0
netcloudhost2,170.0,0.0
netcloudhost1,170.0,0.0
internethost,170.0,0.16666737535451112
edgeuser4,175.0,0.35018760833055557
edgeuser3,175.0,0.0
edgeuser2,175.0,0.2529900823708333
edgeuser1,175.0,0.2613809435568056
netcloudhost4,175.0,0.0
netcloudhost3,175.0,0.0
netcloudhost2,175.0,0.0
netcloudhost1,175.0,0.0
internethost,175.0,0.1666668003478482
edgeuser4,180.0,0.3664303301677778
edgeuser3,180.0,0.0
edgeuser2,180.0,0.22177727714680556
edgeuser1,180.0,0.24663544357819442
netcloudhost4,180.0,0.0
netcloudhost3,180.0,0.0
netcloudhost2,180.0,0.0
netcloudhost1,180.0,0.0
internethost,180.0,0.16666680101377296
edgeuser4,185.0,0.34823694200611116
edgeuser3,185.0,0.0
edgeuser2,185.0,0.20649063832208334
edgeuser1,185.0,0.19450858294833331
netcloudhost4,185.0,0.0
netcloudhost3,185.0,0.0
netcloudhost2,185.0,0.0
netcloudhost1,185.0,0.0
internethost,185.0,0.16666690331813547
edgeuser4,190.0,0.3177278311088889
edgeuser3,190.0,0.0
edgeuser2,190.0,0.20161397176236115
edgeuser1,190.0,0.2338684161640278
netcloudhost4,190.0,0.0
netcloudhost3,190.0,0.0
netcloudhost2,190.0,0.0
netcloudhost1,190.0,0.0
internethost,190.0,0.16666691902613162
edgeuser4,195.0,0.3445281086727778
edgeuser3,195.0,0.0
edgeuser2,195.0,0.24988655481763888
edgeuser1,195.0,0.38055555405833336
netcloudhost4,195.0,0.0
netcloudhost3,195.0,0.0
netcloudhost2,195.0,0.0
netcloudhost1,195.0,0.0
internethost,195.0,0.16666705604999593
edgeuser4,200.0,0.3426031091433333
edgeuser3,200.0,0.0
edgeuser2,200.0,0.32231574894125
edgeuser1,200.0,0.3805555542508333
netcloudhost4,200.0,0.0
netcloudhost3,200.0,0.0
netcloudhost2,200.0,0.0
netcloudhost1,200.0,0.0
internethost,200.0,0.1666667549343738
edgeuser4,205.0,0.3699167188
edgeuser3,205.0,0.0
edgeuser2,205.0,0.25573427678319444
edgeuser1,205.0,0.3801662758741667
netcloudhost4,205.0,0.0
netcloudhost3,205.0,0.0
netcloudhost2,205.0,0.0
netcloudhost1,205.0,0.0
internethost,205.0,0.1666673591503358
edgeuser4,210.0,0.3504100519194444
edgeuser3,210.0,0.0
edgeuser2,210.0,0.2420218604052778
edgeuser1,210.0,0.3477278871029167
netcloudhost4,210.0,0.0
netcloudhost3,210.0,0.0
netcloudhost2,210.0,0.0
netcloudhost1,210.0,0.0
internethost,210.0,0.1666669817536564
edgeuser4,215.0,0.34374955268944446
edgeuser3,215.0,0.0
edgeuser2,215.0,0.3476294983316666
edgeuser1,215.0,0.28895763761625
netcloudhost4,215.0,0.0
netcloudhost3,215.0,0.0
netcloudhost2,215.0,0.0
netcloudhost1,215.0,0.0
internethost,215.0,0.16666707113123902
edgeuser4,220.0,0.3320412752538889
edgeuser3,220.0,0.0
edgeuser2,220.0,0.2364457769970833
edgeuser1,220.0,0.2594131658645833
netcloudhost4,220.0,0.0
netcloudhost3,220.0,0.0
netcloudhost2,220.0,0.0
netcloudhost1,220.0,0.0
internethost,220.0,0.16666741322083573
edgeuser4,225.0,0.3504784975188889
edgeuser3,225.0,0.0
edgeuser2,225.0,0.21931541614263889
edgeuser1,225.0,0.32468135988124996
netcloudhost4,225.0,0.0
netcloudhost3,225.0,0.0
netcloudhost2,225.0,0.0
netcloudhost1,225.0,0.0
internethost,225.0,0.16666681020614987
edgeuser4,230.0,0.3750842741416667
edgeuser3,230.0,0.0
edgeuser2,230.0,0.22460702700777777
edgeuser1,230.0,0.2772001655651389
netcloudhost4,230.0,0.0
netcloudhost3,230.0,0.0
netcloudhost2,230.0,0.0
netcloudhost1,230.0,0.0
internethost,230.0,0.1666668862391175
edgeuser4,235.0,0.34364688657888887
edgeuser3,235.0,0.0
edgeuser2,235.0,0.2507570825740278
edgeuser1,235.0,0.2612568879691667
netcloudhost4,235.0,0.0
netcloudhost3,235.0,0.0
netcloudhost2,235.0,0.0
netcloudhost1,235.0,0.0
internethost,235.0,0.1666667592433003
edgeuser4,240.0,0.34507994145
edgeuser3,240.0,0.0
edgeuser2,240.0,0.3626423594748611
edgeuser1,240.0,0.24166466591805558
netcloudhost4,240.0,0.0
netcloudhost3,240.0,0.0
netcloudhost2,240.0,0.0
netcloudhost1,240.0,0.0
internethost,240.0,0.16666699091991838
edgeuser4,245.0,0.3478604976472222
edgeuser3,245.0,0.0
edgeuser2,245.0,0.2872443879691667
edgeuser1,245.0,0.31522319332152776
netcloudhost4,245.0,0.0
netcloudhost3,245.0,0.0
netcloudhost2,245.0,0.0
netcloudhost1,245.0,0.0
internethost,245.0,0.16666680690263952
edgeuser4,250.0,0.34380944200611113
edgeuser3,250.0,0.0
edgeuser2,250.0,0.24689424921930556
edgeuser1,250.0,0.22790733263819443
netcloudhost4,250.0,0.0
netcloudhost3,250.0,0.0
netcloudhost2,250.0,0.0
netcloudhost1,250.0,0.0
internethost,250.0,0.16666715431963577
edgeuser4,255.0,0.3225873866644445
edgeuser3,255.0,0.0
edgeuser2,255.0,0.29450805432569443
edgeuser1,255.0,0.34537724881291665
netcloudhost4,255.0,0.0
netcloudhost3,255.0,0.0
netcloudhost2,255.0,0.0
netcloudhost1,255.0,0.0
internethost,255.0,0.1666667957255454
edgeuser4,260.0,0.34070805268944443
edgeuser3,260.0,0.0
edgeuser2,260.0,0.24335011045875
edgeuser1,260.0,0.35761597060736106
netcloudhost4,260.0,0.0
netcloudhost3,260.0,0.0
netcloudhost2,260.0,0.0
netcloudhost1,260.0,0.0
internethost,260.0,0.16666683197275783
edgeuser4,265.0,0.3734073861083333
edgeuser3,265.0,0.0
edgeuser2,265.0,0.2515377770077778
edgeuser1,265.0,0.2219355548604167
netcloudhost4,265.0,0.0
netcloudhost3,265.0,0.0
netcloudhost2,265.0,0.0
netcloudhost1,265.0,0.0
internethost,265.0,0.16666684808553137
edgeuser4,270.0,0.35323338572333335
edgeuser3,270.0,0.0
edgeuser2,270.0,0.22537916597152777
edgeuser1,270.0,0.2422913600523611
netcloudhost4,270.0,0.0
netcloudhost3,270.0,0.0
netcloudhost2,270.0,0.0
netcloudhost1,270.0,0.0
internethost,270.0,0.16666732448306323
edgeuser4,275.0,0.34783482986833336
edgeuser3,275.0,0.0
edgeuser2,275.0,0.20551958270236112
edgeuser1,275.0,0.2948823599240278
netcloudhost4,275.0,0.0
netcloudhost3,275.0,0.0
netcloudhost2,275.0,0.0
netcloudhost1,275.0,0.0
internethost,275.0,0.1666677184103518
edgeuser4,280.0,0.3427442747405555
edgeuser3,280.0,0.0
edgeuser2,280.0,0.2490074713238889
edgeuser1,280.0,0.21472749929416668
netcloudhost4,280.0,0.0
netcloudhost3,280.0,0.0
netcloudhost2,280.0,0.0
netcloudhost1,280.0,0.0
internethost,280.0,0.1666673944965907
edgeuser4,285.0,0.31075077593833333
edgeuser3,285.0,0.0
edgeuser2,285.0,0.23844563817236109
edgeuser1,285.0,0.35083783214625
netcloudhost4,285.0,0.0
netcloudhost3,285.0,0.0
netcloudhost2,285.0,0.0
netcloudhost1,285.0,0.0
internethost,285.0,0.1666668495871274
edgeuser4,290.0,0.35428999692
edgeuser3,290.0,0.0
edgeuser2,290.0,0.2473648045930556
edgeuser1,290.0,0.2627926101486111
netcloudhost4,290.0,0.0
netcloudhost3,290.0,0.0
netcloudhost2,290.0,0.0
netcloudhost1,290.0,0.0
internethost,290.0,0.16666691822963278
edgeuser4,295.0,0.3711743863222222
edgeuser3,295.0,0.0
edgeuser2,295.0,0.19569994396319446
edgeuser1,295.0,0.2612611658111111
netcloudhost4,295.0,0.0
netcloudhost3,295.0,0.0
netcloudhost2,295.0,0.0
netcloudhost1,295.0,0.0
internethost,295.0,0.16666699699158774
edgeuser4,300.0,0.34102460768888887
edgeuser3,300.0,0.0
edgeuser2,300.0,0.31083847062875003
edgeuser1,300.0,0.22191416588597224
netcloudhost4,300.0,0.0
netcloudhost3,300.0,0.0
netcloudhost2,300.0,0.0
netcloudhost1,300.0,0.0
internethost,300.0,0.16666751624335202
edgeuser4,305.0,0.34200421991222224
edgeuser3,305.0,0.0
edgeuser2,305.0,0.3538001931825
edgeuser1,305.0,0.3203073322211111
netcloudhost4,305.0,0.0
netcloudhost3,305.0,0.0
netcloudhost2,305.0,0.0
netcloudhost1,305.0,0.0
internethost,305.0,0.1666668863174619
edgeuser4,310.0,0.35134260824499997
edgeuser3,310.0,0.0
edgeuser2,310.0,0.27061666570416665
edgeuser1,310.0,0.23103866598222222
netcloudhost4,310.0,0.0
netcloudhost3,310.0,0.0
netcloudhost2,310.0,0.0
netcloudhost1,310.0,0.0
internethost,310.0,0.16666709814690273
edgeuser4,315.0,0.34900266435666666
edgeuser3,315.0,0.0
edgeuser2,315.0,0.23258936044805556
edgeuser1,315.0,0.27945669364236114
netcloudhost4,315.0,0.0
netcloudhost3,315.0,0.0
netcloudhost2,315.0,0.0
netcloudhost1,315.0,0.0
internethost,315.0,0.16666705146686428
edgeuser4,320.0,0.3128468867072222
edgeuser3,320.0,0.0
edgeuser2,320.0,0.19226916629236113
edgeuser1,320.0,0.3689007486631945
netcloudhost4,320.0,0.0
netcloudhost3,320.0,0.0
netcloudhost2,320.0,0.0
netcloudhost1,320.0,0.0
internethost,320.0,0.16666706754046695
edgeuser4,325.0,0.34653438606555553
edgeuser3,325.0,0.0
edgeuser2,325.0,0.20886480503152777
edgeuser1,325.0,0.30725583203930557
netcloudhost4,325.0,0.0
netcloudhost3,325.0,0.0
netcloudhost2,325.0,0.0
netcloudhost1,325.0,0.0
internethost,325.0,0.16666705550158709
edgeuser4,330.0,0.36039438546666674
edgeuser3,330.0,0.0
edgeuser2,330.0,0.21449222162333337
edgeuser1,330.0,0.24743538781944444
netcloudhost4,330.0,0.0
netcloudhost3,330.0,0.0
netcloudhost2,330.0,0.0
netcloudhost1,330.0,0.0
internethost,330.0,0.16666718711970716
edgeuser4,335.0,0.35500438623666664
edgeuser3,335.0,0.0
edgeuser2,335.0,0.21936033268097221
edgeuser1,335.0,0.2654704990588889
netcloudhost4,335.0,0.0
netcloudhost3,335.0,0.0
netcloudhost2,335.0,0.0
netcloudhost1,335.0,0.0
internethost,335.0,0.16666698607564065
edgeuser4,340.0,0.3402759970055556
edgeuser3,340.0,0.0
edgeuser2,340.0,0.25083408222111114
edgeuser1,340.0,0.23683077695430557
netcloudhost4,340.0,0.0
netcloudhost3,340.0,0.0
netcloudhost2,340.0,0.0
netcloudhost1,340.0,0.0
internethost,340.0,0.1666669122493652
edgeuser4,345.0,0.3572502188427778
edgeuser3,345.0,0.0
edgeuser2,345.0,0.22180080479625
edgeuser1,345.0,0.31152933193236115
netcloudhost4,345.0,0.0
netcloudhost3,345.0,0.0
netcloudhost2,345.0,0.0
netcloudhost1,345.0,0.0
internethost,345.0,0.1666671506896915
edgeuser4,350.0,0.36799171888555543
edgeuser3,350.0,0.0
edgeuser2,350.0,0.22041480502083333
edgeuser1,350.0,0.21823099941180557
netcloudhost4,350.0,0.0
netcloudhost3,350.0,0.0
netcloudhost2,350.0,0.0
netcloudhost1,350.0,0.0
internethost,350.0,0.16666686717538204
edgeuser4,355.0,0.34065244145
edgeuser3,355.0,0.0
edgeuser2,355.0,0.2143959715698611
edgeuser1,355.0,0.2773948044005556
netcloudhost4,355.0,0.0
netcloudhost3,355.0,0.0
netcloudhost2,355.0,0.0
netcloudhost1,355.0,0.0
internethost,355.0,0.16666697125554442
edgeuser4,360.0,0.35500010781722224
edgeuser3,360.0,0.0
edgeuser2,360.0,0.2806779988877777
edgeuser1,360.0,0.25432261018069446
netcloudhost4,360.0,0.0
netcloudhost3,360.0,0.0
netcloudhost2,360.0,0.0
netcloudhost1,360.0,0.0
internethost,360.0,0.16666707841724188
edgeuser4,365.0,0.31161488704944446
edgeuser3,365.0,0.0
edgeuser2,365.0,0.3373991934070833
edgeuser1,365.0,0.25196341591805554
netcloudhost4,365.0,0.0
netcloudhost3,365.0,0.0
netcloudhost2,365.0,0.0
netcloudhost1,365.0,0.0
internethost,365.0,0.16666673312859398
edgeuser4,370.0,0.34784766354388885
edgeuser3,370.0,0.0
edgeuser2,370.0,0.31441683180402774
edgeuser1,370.0,0.2328567214522222
netcloudhost4,370.0,0.0
netcloudhost3,370.0,0.0
netcloudhost2,370.0,0.0
netcloudhost1,370.0,0.0
internethost,370.0,0.16666707952711696
edgeuser4,375.0,0.35415738572333333
edgeuser3,375.0,0.0
edgeuser2,375.0,0.30496508196444444
edgeuser1,375.0,0.24394258252055556
netcloudhost4,375.0,0.0
netcloudhost3,375.0,0.0
netcloudhost2,375.0,0.0
netcloudhost1,375.0,0.0
internethost,375.0,0.16666704247034864
edgeuser4,380.0,0.3533189413644444
edgeuser3,380.0,0.0
edgeuser2,380.0,0.24373724919791667
edgeuser1,380.0,0.22193769384555556
netcloudhost4,380.0,0.0
netcloudhost3,380.0,0.0
netcloudhost2,380.0,0.0
netcloudhost1,380.0,0.0
internethost,380.0,0.16666757949317065
edgeuser4,385.0,0.35625777478333337
edgeuser3,385.0,0.0
edgeuser2,385.0,0.30594897089611106
edgeuser1,385.0,0.2644224435140277
netcloudhost4,385.0,0.0
netcloudhost3,385.0,0.0
netcloudhost2,385.0,0.0
netcloudhost1,385.0,0.0
internethost,385.0,0.1666670437107968
edgeuser4,390.0,0.34872033063833335
edgeuser3,390.0,0.0
edgeuser2,390.0,0.2476086381723611
edgeuser1,390.0,0.20362452722166668
netcloudhost4,390.0,0.0
netcloudhost3,390.0,0.0
netcloudhost2,390.0,0.0
netcloudhost1,390.0,0.0
internethost,390.0,0.16666752376438732
edgeuser4,395.0,0.3352111087583333
edgeuser3,395.0,0.0
edgeuser2,395.0,0.2734549712811111
edgeuser1,395.0,0.2677291659822222
netcloudhost4,395.0,0.0
netcloudhost3,395.0,0.0
netcloudhost2,395.0,0.0
netcloudhost1,395.0,0.0
internethost,395.0,0.16666686015052604
edgeuser4,400.0,0.3438265526466667
edgeuser3,400.0,0.0
edgeuser2,400.0,0.31135394310763886
edgeuser1,400.0,0.23383419376
netcloudhost4,400.0,0.0
netcloudhost3,400.0,0.0
netcloudhost2,400.0,0.0
netcloudhost1,400.0,0.0
internethost,400.0,0.16666684346322846
edgeuser4,405.0,0.36066816362944437
edgeuser3,405.0,0.0
edgeuser2,405.0,0.24169461019138888
edgeuser1,405.0,0.23481594362097222
netcloudhost4,405.0,0.0
netcloudhost3,405.0,0.0
netcloudhost2,405.0,0.0
netcloudhost1,405.0,0.0
internethost,405.0,0.16666684761546677
edgeuser4,410.0,0.3598254415783333
edgeuser3,410.0,0.0
edgeuser2,410.0,0.2624482490161111
edgeuser1,410.0,0.3113432488343056
netcloudhost4,410.0,0.0
netcloudhost3,410.0,0.0
netcloudhost2,410.0,0.0
netcloudhost1,410.0,0.0
internethost,410.0,0.1666668528906375
edgeuser4,415.0,0.35037155230444444
edgeuser3,415.0,0.0
edgeuser2,415.0,0.27159841570416665
edgeuser1,415.0,0.28876727659069445
netcloudhost4,415.0,0.0
netcloudhost3,415.0,0.0
netcloudhost2,415.0,0.0
netcloudhost1,415.0,0.0
internethost,415.0,0.16666780187295374
edgeuser4,420.0,0.31545205316
edgeuser3,420.0,0.0
edgeuser2,420.0,0.3722844707143055
edgeuser1,420.0,0.2282602492406944
netcloudhost4,420.0,0.0
netcloudhost3,420.0,0.0
netcloudhost2,420.0,0.0
netcloudhost1,420.0,0.0
internethost,420.0,0.16666701168111026
edgeuser4,425.0,0.3571774966633333
edgeuser3,425.0,0.0
edgeuser2,425.0,0.2588292490054167
edgeuser1,425.0,0.22478669373861113
netcloudhost4,425.0,0.0
netcloudhost3,425.0,0.0
netcloudhost2,425.0,0.0
netcloudhost1,425.0,0.0
internethost,425.0,0.16666720724108838
edgeuser4,430.0,0.349135274655
edgeuser3,430.0,0.0
edgeuser2,430.0,0.37065463730611115
edgeuser1,430.0,0.30653716544750004
netcloudhost4,430.0,0.0
netcloudhost3,430.0,0.0
netcloudhost2,430.0,0.0
netcloudhost1,430.0,0.0
internethost,430.0,0.16666728220335342
edgeuser4,435.0,0.3530152190138889
edgeuser3,435.0,0.0
edgeuser2,435.0,0.27884283215694444
edgeuser1,435.0,0.24287099904819442
netcloudhost4,435.0,0.0
netcloudhost3,435.0,0.0
netcloudhost2,435.0,0.0
netcloudhost1,435.0,0.0
internethost,435.0,0.16666720540000182
edgeuser4,440.0,0.3666998295688889
edgeuser3,440.0,0.0
edgeuser2,440.0,0.2723513043898611
edgeuser1,440.0,0.24494144344986107
netcloudhost4,440.0,0.0
netcloudhost3,440.0,0.0
netcloudhost2,440.0,0.0
netcloudhost1,440.0,0.0
internethost,440.0,0.16666690317450483
edgeuser4,445.0,0.35551771948444444
edgeuser3,445.0,0.0
edgeuser2,445.0,0.20997061058708333
edgeuser1,445.0,0.3127591931825
netcloudhost4,445.0,0.0
netcloudhost3,445.0,0.0
netcloudhost2,445.0,0.0
netcloudhost1,445.0,0.0
internethost,445.0,0.1666672076589239
edgeuser4,450.0,0.3335812745694444
edgeuser3,450.0,0.0
edgeuser2,450.0,0.26011044347125
edgeuser1,450.0,0.2769969708854167
netcloudhost4,450.0,0.0
netcloudhost3,450.0,0.0
netcloudhost2,450.0,0.0
netcloudhost1,450.0,0.0
internethost,450.0,0.16666713842883743
edgeuser4,455.0,0.35208266384333337
edgeuser3,455.0,0.0
edgeuser2,455.0,0.24403669365305555
edgeuser1,455.0,0.30230002667625
netcloudhost4,455.0,0.0
netcloudhost3,455.0,0.0
netcloudhost2,455.0,0.0
netcloudhost1,455.0,0.0
internethost,455.0,0.16666692840131092
edgeuser4,460.0,0.33264444179222225
edgeuser3,460.0,0.0
edgeuser2,460.0,0.21976672158055557
edgeuser1,460.0,0.22820463830069443
netcloudhost4,460.0,0.0
netcloudhost3,460.0,0.0
netcloudhost2,460.0,0.0
netcloudhost1,460.0,0.0
internethost,460.0,0.16666693230545968
edgeuser4,465.0,0.33623349670611113
edgeuser3,465.0,0.0
edgeuser2,465.0,0.2368863879691667
edgeuser1,465.0,0.22281036024486112
netcloudhost4,465.0,0.0
netcloudhost3,465.0,0.0
netcloudhost2,465.0,0.0
netcloudhost1,465.0,0.0
internethost,465.0,0.1666667836083214
edgeuser4,470.0,0.3622081629450001
edgeuser3,470.0,0.0
edgeuser2,470.0,0.23922419336430556
edgeuser1,470.0,0.23924558231736115
netcloudhost4,470.0,0.0
netcloudhost3,470.0,0.0
netcloudhost2,470.0,0.0
netcloudhost1,470.0,0.0
internethost,470.0,0.16666697138611763
edgeuser4,475.0,0.3514153303388889
edgeuser3,475.0,0.0
edgeuser2,475.0,0.2411684435354167
edgeuser1,475.0,0.29023455450749996
netcloudhost4,475.0,0.0
netcloudhost3,475.0,0.0
netcloudhost2,475.0,0.0
netcloudhost1,475.0,0.0
internethost,475.0,0.1666668822827398
edgeuser4,480.0,0.34994377469777777
edgeuser3,480.0,0.0
edgeuser2,480.0,0.26039919347125
edgeuser1,480.0,0.3184037209068056
netcloudhost4,480.0,0.0
netcloudhost3,480.0,0.0
netcloudhost2,480.0,0.0
netcloudhost1,480.0,0.0
internethost,480.0,0.16666704607417812
edgeuser4,485.0,0.3395102748261111
edgeuser3,485.0,0.0
edgeuser2,485.0,0.33412883196444443
edgeuser1,485.0,0.3260438319430556
netcloudhost4,485.0,0.0
netcloudhost3,485.0,0.0
netcloudhost2,485.0,0.0
netcloudhost1,485.0,0.0
internethost,485.0,0.16666683399664745
edgeuser4,490.0,0.3493962191422222
edgeuser3,490.0,0.0
edgeuser2,490.0,0.19811902714680552
edgeuser1,490.0,0.22019236045874999
netcloudhost4,490.0,0.0
netcloudhost3,490.0,0.0
netcloudhost2,490.0,0.0
netcloudhost1,490.0,0.0
internethost,490.0,0.16666675173532206
edgeuser4,495.0,0.3623279415783333
edgeuser3,495.0,0.0
edgeuser2,495.0,0.2173775827879167
edgeuser1,495.0,0.24867808239222222
netcloudhost4,495.0,0.0
netcloudhost3,495.0,0.0
netcloudhost2,495.0,0.0
netcloudhost1,495.0,0.0
internethost,495.0,0.16666692047549747
edgeuser4,500.0,0.3523992192277778
edgeuser3,500.0,0.0
edgeuser2,500.0,0.2762013044754167
edgeuser1,500.0,0.20929472166611113
netcloudhost4,500.0,0.0
netcloudhost3,500.0,0.0
netcloudhost2,500.0,0.0
netcloudhost1,500.0,0.0
internethost,500.0,0.16666716506583754
edgeuser4,505.0,0.3490411643138889
edgeuser3,505.0,0.0
edgeuser2,505.0,0.3270662209495833
edgeuser1,505.0,0.2563096380975
netcloudhost4,505.0,0.0
netcloudhost3,505.0,0.0
netcloudhost2,505.0,0.0
netcloudhost1,505.0,0.0
internethost,505.0,0.16666693690164802
edgeuser4,510.0,0.3565144409366667
edgeuser3,510.0,0.0
edgeuser2,510.0,0.34727658140833334
edgeuser1,510.0,0.21801069373861112
netcloudhost4,510.0,0.0
netcloudhost3,510.0,0.0
netcloudhost2,510.0,0.0
netcloudhost1,510.0,0.0
internethost,510.0,0.16666777434805283
edgeuser4,515.0,0.34946894145
edgeuser3,515.0,0.0
edgeuser2,515.0,0.2589169436316666
edgeuser1,515.0,0.26521169346055556
netcloudhost4,515.0,0.0
netcloudhost3,515.0,0.0
netcloudhost2,515.0,0.0
netcloudhost1,515.0,0.0
internethost,515.0,0.16666683807054172
edgeuser4,520.0,0.3395487744411111
edgeuser3,520.0,0.0
edgeuser2,520.0,0.22244674925138888
edgeuser1,520.0,0.3078932207784722
netcloudhost4,520.0,0.0
netcloudhost3,520.0,0.0
netcloudhost2,520.0,0.0
netcloudhost1,520.0,0.0
internethost,520.0,0.1666667543076208
edgeuser4,525.0,0.34161066264555556
edgeuser3,525.0,0.0
edgeuser2,525.0,0.27879363737027785
edgeuser1,525.0,0.2567267210886111
netcloudhost4,525.0,0.0
netcloudhost3,525.0,0.0
netcloudhost2,525.0,0.0
netcloudhost1,525.0,0.0
internethost,525.0,0.16666683216861786
edgeuser4,530.0,0.36522399563666663
edgeuser3,530.0,0.0
edgeuser2,530.0,0.26329097105652777
edgeuser1,530.0,0.3261272480536111
netcloudhost4,530.0,0.0
netcloudhost3,530.0,0.0
netcloudhost2,530.0,0.0
netcloudhost1,530.0,0.0
internethost,530.0,0.16666681617336043
edgeuser4,535.0,0.3107678856805555
edgeuser3,535.0,0.0
edgeuser2,535.0,0.3451847482461111
edgeuser1,535.0,0.21640866603569445
netcloudhost4,535.0,0.0
netcloudhost3,535.0,0.0
netcloudhost2,535.0,0.0
netcloudhost1,535.0,0.0
internethost,535.0,0.16666681021920715
edgeuser4,540.0,0.29338299662055556
edgeuser3,540.0,0.0
edgeuser2,540.0,0.38058977559611107
edgeuser1,540.0,0.32005066495555556
netcloudhost4,540.0,0.0
netcloudhost3,540.0,0.0
netcloudhost2,540.0,0.0
netcloudhost1,540.0,0.0
internethost,540.0,0.1666674296992158
edgeuser4,545.0,0.370605438755
edgeuser3,545.0,0.0
edgeuser2,545.0,0.24980741487000002
edgeuser1,545.0,0.23726710987055558
netcloudhost4,545.0,0.0
netcloudhost3,545.0,0.0
netcloudhost2,545.0,0.0
netcloudhost1,545.0,0.0
internethost,545.0,0.1666670879229948
edgeuser4,550.0,0.34201705162
edgeuser3,550.0,0.0
edgeuser2,550.0,0.21180791600361112
edgeuser1,550.0,0.25214522111
netcloudhost4,550.0,0.0
netcloudhost3,550.0,0.0
netcloudhost2,550.0,0.0
netcloudhost1,550.0,0.0
internethost,550.0,0.1666668833664997
edgeuser4,555.0,0.3340304407655556
edgeuser3,555.0,0.0
edgeuser2,555.0,0.28733849846
edgeuser1,555.0,0.24162402684736112
netcloudhost4,555.0,0.0
netcloudhost3,555.0,0.0
netcloudhost2,555.0,0.0
netcloudhost1,555.0,0.0
internethost,555.0,0.1666668404600375
edgeuser4,560.0,0.3577293290983333
edgeuser3,560.0,0.0
edgeuser2,560.0,0.26411658226388884
edgeuser1,560.0,0.23345988794777778
netcloudhost4,560.0,0.0
netcloudhost3,560.0,0.0
netcloudhost2,560.0,0.0
netcloudhost1,560.0,0.0
internethost,560.0,0.1666667956210858
edgeuser4,565.0,0.37356993961055557
edgeuser3,565.0,0.0
edgeuser2,565.0,0.23967549891986112
edgeuser1,565.0,0.2507677766013889
netcloudhost4,565.0,0.0
netcloudhost3,565.0,0.0
netcloudhost2,565.0,0.0
netcloudhost1,565.0,0.0
internethost,565.0,0.16666677454651826
edgeuser4,570.0,0.34059682961166665
edgeuser3,570.0,0.0
edgeuser2,570.0,0.21576272151638892
edgeuser1,570.0,0.3020348039941666
netcloudhost4,570.0,0.0
netcloudhost3,570.0,0.0
netcloudhost2,570.0,0.0
netcloudhost1,570.0,0.0
internethost,570.0,0.16666679599974976
edgeuser4,575.0,0.3434415515772222
edgeuser3,575.0,0.0
edgeuser2,575.0,0.2301381935568056
edgeuser1,575.0,0.23113919363166663
netcloudhost4,575.0,0.0
netcloudhost3,575.0,0.0
netcloudhost2,575.0,0.0
netcloudhost1,575.0,0.0
internethost,575.0,0.16666680019115995
edgeuser4,580.0,0.36031310691888885
edgeuser3,580.0,0.0
edgeuser2,580.0,0.23320322115277778
edgeuser1,580.0,0.23522233255263889
netcloudhost4,580.0,0.0
netcloudhost3,580.0,0.0
netcloudhost2,580.0,0.0
netcloudhost1,580.0,0.0
internethost,580.0,0.1666667873818965
edgeuser4,585.0,0.34604671785888885
edgeuser3,585.0,0.0
edgeuser2,585.0,0.26404385979569445
edgeuser1,585.0,0.2102914437813889
netcloudhost4,585.0,0.0
netcloudhost3,585.0,0.0
netcloudhost2,585.0,0.0
netcloudhost1,585.0,0.0
internethost,585.0,0.16666711425967679
edgeuser4,590.0,0.3693349397816667
edgeuser3,590.0,0.0
edgeuser2,590.0,0.23541055449680554
edgeuser1,590.0,0.23092958246708337
netcloudhost4,590.0,0.0
netcloudhost3,590.0,0.0
netcloudhost2,590.0,0.0
netcloudhost1,590.0,0.0
internethost,590.0,0.1666668585314138
edgeuser4,595.0,0.3564887733716667
edgeuser3,595.0,0.0
edgeuser2,595.0,0.23866380437916665
edgeuser1,595.0,0.3325653032990278
netcloudhost4,595.0,0.0
netcloudhost3,595.0,0.0
netcloudhost2,595.0,0.0
netcloudhost1,595.0,0.0
internethost,595.0,0.16666684497788145
edgeuser4,600.0,0.34752682961166664
edgeuser3,600.0,0.0
edgeuser2,600.0,0.2313038880761111
edgeuser1,600.0,0.32547060950694445
netcloudhost4,600.0,0.0
netcloudhost3,600.0,0.0
netcloudhost2,600.0,0.0
netcloudhost1,600.0,0.0
internethost,600.0,0.16666705604999563
edgeuser4,605.0,0.21469327696499999
edgeuser3,605.0,0.0
edgeuser2,605.0,0.1747858888247222
edgeuser1,605.0,0.1718748610148611
netcloudhost4,605.0,0.0
netcloudhost3,605.0,0.0
netcloudhost2,605.0,0.0
netcloudhost1,605.0,0.0
internethost,605.0,0.16666672470660146
edgeuser4,610.0,0.0
edgeuser3,610.0,0.0
edgeuser2,610.0,0.0
edgeuser1,610.0,0.0
netcloudhost4,610.0,0.0
netcloudhost3,610.0,0.0
netcloudhost2,610.0,0.0
netcloudhost1,610.0,0.0
internethost,610.0,0.0
edgeuser4,615.0,0.0
edgeuser3,615.0,0.0
edgeuser2,615.0,0.0
edgeuser1,615.0,0.0
netcloudhost4,615.0,0.0
netcloudhost3,615.0,0.0
netcloudhost2,615.0,0.0
netcloudhost1,615.0,0.0
internethost,615.0,0.0
edgeuser4,620.0,0.0
edgeuser3,620.0,0.0
edgeuser2,620.0,0.0
edgeuser1,620.0,0.0
netcloudhost4,620.0,0.0
netcloudhost3,620.0,0.0
netcloudhost2,620.0,0.0
netcloudhost1,620.0,0.0
internethost,620.0,0.0
