edgeedge1,5.0,0.014323611111110917
edgecore,5.0,0.004539924999999958
edgegw,5.0,0.004539924999999958
netcloudedge2,5.0,0.0
netcloudedge1,5.0,0.0
netcloudcore,5.0,0.0
netcloudgw,5.0,0.0
netcloudgw,5.0,0.0
inter2,5.0,0.004539924999999958
inter1,5.0,0.004539924999999958
internetgw,5.0,0.004539924999999958
edgegw,5.0,0.0
internetedge,5.0,0.004539924999999958
internetcore,5.0,0.004539924999999958
internetgw,5.0,0.0
edgeedge1,10.0,0.014898222222221794
edgecore,10.0,0.004534199999999908
edgegw,10.0,0.004534199999999908
netcloudedge2,10.0,0.0
netcloudedge1,10.0,0.0
netcloudcore,10.0,0.0
netcloudgw,10.0,0.0
netcloudgw,10.0,0.0
inter2,10.0,0.004534199999999908
inter1,10.0,0.004534199999999908
internetgw,10.0,0.004534199999999908
edgegw,10.0,0.0
internetedge,10.0,0.004534199999999908
internetcore,10.0,0.004534199999999908
internetgw,10.0,0.0
edgeedge1,15.0,0.016613583333332856
edgecore,15.0,0.004770833333333233
edgegw,15.0,0.004770833333333233
netcloudedge2,15.0,0.0
netcloudedge1,15.0,0.0
netcloudcore,15.0,0.0
netcloudgw,15.0,0.0
netcloudgw,15.0,0.0
inter2,15.0,0.004770833333333233
inter1,15.0,0.004770833333333233
internetgw,15.0,0.004770833333333233
edgegw,15.0,0.0
internetedge,15.0,0.004770833333333233
internetcore,15.0,0.004770833333333233
internetgw,15.0,0.0
edgeedge1,20.0,0.014532658333335079
edgecore,20.0,0.003625833333333727
edgegw,20.0,0.003625833333333727
netcloudedge2,20.0,0.0
netcloudedge1,20.0,0.0
netcloudcore,20.0,0.0
netcloudgw,20.0,0.0
netcloudgw,20.0,0.0
inter2,20.0,0.003625833333333727
inter1,20.0,0.003625833333333727
internetgw,20.0,0.003625833333333727
edgegw,20.0,0.0
internetedge,20.0,0.003625833333333727
internetcore,20.0,0.003625833333333727
internetgw,20.0,0.0
edgeedge1,25.0,0.015084166666668966
edgecore,25.0,0.0031735583333338535
edgegw,25.0,0.0031735583333338535
netcloudedge2,25.0,0.0
netcloudedge1,25.0,0.0
netcloudcore,25.0,0.0
netcloudgw,25.0,0.0
netcloudgw,25.0,0.0
inter2,25.0,0.0031735583333338535
inter1,25.0,0.0031735583333338535
internetgw,25.0,0.0031735583333338535
edgegw,25.0,0.0
internetedge,25.0,0.0031735583333338535
internetcore,25.0,0.0031735583333338535
internetgw,25.0,0.0
edgeedge1,30.0,0.012791388888890837
edgecore,30.0,0.0038166666666672455
edgegw,30.0,0.0038166666666672455
netcloudedge2,30.0,0.0
netcloudedge1,30.0,0.0
netcloudcore,30.0,0.0
netcloudgw,30.0,0.0
netcloudgw,30.0,0.0
inter2,30.0,0.0038166666666672455
inter1,30.0,0.0038166666666672455
internetgw,30.0,0.0038166666666672455
edgegw,30.0,0.0
internetedge,30.0,0.0038166666666672455
internetcore,30.0,0.0038166666666672455
internetgw,30.0,0.0
edgeedge1,35.0,0.012218888888888543
edgecore,35.0,0.0030533333333331372
edgegw,35.0,0.0030533333333331372
netcloudedge2,35.0,0.0
netcloudedge1,35.0,0.0
netcloudcore,35.0,0.0
netcloudgw,35.0,0.0
netcloudgw,35.0,0.0
inter2,35.0,0.0030533333333331372
inter1,35.0,0.0030533333333331372
internetgw,35.0,0.0030533333333331372
edgegw,35.0,0.0
internetedge,35.0,0.0030533333333331372
internetcore,35.0,0.0030533333333331372
internetgw,35.0,0.0
edgeedge1,40.0,0.016043888888885513
edgecore,40.0,0.0028624999999994453
edgegw,40.0,0.0028624999999994453
netcloudedge2,40.0,0.0
netcloudedge1,40.0,0.0
netcloudcore,40.0,0.0
netcloudgw,40.0,0.0
netcloudgw,40.0,0.0
inter2,40.0,0.0028624999999994453
inter1,40.0,0.0028624999999994453
internetgw,40.0,0.0028624999999994453
edgegw,40.0,0.0
internetedge,40.0,0.0028624999999994453
internetcore,40.0,0.0028624999999994453
internetgw,40.0,0.0
edgeedge1,45.0,0.016417222222219252
edgecore,45.0,0.0034865249999993693
edgegw,45.0,0.0034865249999993693
netcloudedge2,45.0,0.0
netcloudedge1,45.0,0.0
netcloudcore,45.0,0.0
netcloudgw,45.0,0.0
netcloudgw,45.0,0.0
inter2,45.0,0.0034865249999993693
inter1,45.0,0.0034865249999993693
internetgw,45.0,0.0034865249999993693
edgegw,45.0,0.0
internetedge,45.0,0.0034865249999993693
internetcore,45.0,0.0034865249999993693
internetgw,45.0,0.0
edgeedge1,50.0,0.013369361111109201
edgecore,50.0,0.003434999999999272
edgegw,50.0,0.003434999999999272
netcloudedge2,50.0,0.0
netcloudedge1,50.0,0.0
netcloudcore,50.0,0.0
netcloudgw,50.0,0.0
netcloudgw,50.0,0.0
inter2,50.0,0.003434999999999272
inter1,50.0,0.003434999999999272
internetgw,50.0,0.003434999999999272
edgegw,50.0,0.0
internetedge,50.0,0.003434999999999272
internetcore,50.0,0.003434999999999272
internetgw,50.0,0.0
edgeedge1,55.0,0.014323749999997942
edgecore,55.0,0.003053333333332686
edgegw,55.0,0.003053333333332686
netcloudedge2,55.0,0.0
netcloudedge1,55.0,0.0
netcloudcore,55.0,0.0
netcloudgw,55.0,0.0
netcloudgw,55.0,0.0
inter2,55.0,0.003053333333332686
inter1,55.0,0.003053333333332686
internetgw,55.0,0.003053333333332686
edgegw,55.0,0.0
internetedge,55.0,0.003053333333332686
internetcore,55.0,0.003053333333332686
internetgw,55.0,0.0
edgeedge1,60.0,0.015081388888886743
edgecore,60.0,0.003625833333332565
edgegw,60.0,0.003625833333332565
netcloudedge2,60.0,0.0
netcloudedge1,60.0,0.0
netcloudcore,60.0,0.0
netcloudgw,60.0,0.0
netcloudgw,60.0,0.0
inter2,60.0,0.003625833333332565
inter1,60.0,0.003625833333332565
internetgw,60.0,0.003625833333332565
edgegw,60.0,0.0
internetedge,60.0,0.003625833333332565
internetcore,60.0,0.003625833333332565
internetgw,60.0,0.0
edgeedge1,65.0,0.015659444444444087
edgecore,65.0,0.003434999999999827
edgegw,65.0,0.003434999999999827
netcloudedge2,65.0,0.0
netcloudedge1,65.0,0.0
netcloudcore,65.0,0.0
netcloudgw,65.0,0.0
netcloudgw,65.0,0.0
inter2,65.0,0.003434999999999827
inter1,65.0,0.003434999999999827
internetgw,65.0,0.003434999999999827
edgegw,65.0,0.0
internetedge,65.0,0.003434999999999827
internetcore,65.0,0.003434999999999827
internetgw,65.0,0.0
edgeedge1,70.0,0.013740000000006136
edgecore,70.0,0.0031907333333351315
edgegw,70.0,0.0031907333333351315
netcloudedge2,70.0,0.0
netcloudedge1,70.0,0.0
netcloudcore,70.0,0.0
netcloudgw,70.0,0.0
netcloudgw,70.0,0.0
inter2,70.0,0.0031907333333351315
inter1,70.0,0.0031907333333351315
internetgw,70.0,0.0031907333333351315
edgegw,70.0,0.0
internetedge,70.0,0.0031907333333351315
internetcore,70.0,0.0031907333333351315
internetgw,70.0,0.0
edgeedge1,75.0,0.015084166666673393
edgecore,75.0,0.0032441666666683383
edgegw,75.0,0.0032441666666683383
netcloudedge2,75.0,0.0
netcloudedge1,75.0,0.0
netcloudcore,75.0,0.0
netcloudgw,75.0,0.0
netcloudgw,75.0,0.0
inter2,75.0,0.0032441666666683383
inter1,75.0,0.0032441666666683383
internetgw,75.0,0.0032441666666683383
edgegw,75.0,0.0
internetedge,75.0,0.0032441666666683383
internetcore,75.0,0.0032441666666683383
internetgw,75.0,0.0
edgeedge1,80.0,0.016804444444451977
edgecore,80.0,0.004007500000002065
edgegw,80.0,0.004007500000002065
netcloudedge2,80.0,0.0
netcloudedge1,80.0,0.0
netcloudcore,80.0,0.0
netcloudgw,80.0,0.0
netcloudgw,80.0,0.0
inter2,80.0,0.004007500000002065
inter1,80.0,0.004007500000002065
internetgw,80.0,0.004007500000002065
edgegw,80.0,0.0
internetedge,80.0,0.004007500000002065
internetcore,80.0,0.004007500000002065
internetgw,80.0,0.0
edgeedge1,85.0,0.013495563888894585
edgecore,85.0,0.0032441666666683383
edgegw,85.0,0.0032441666666683383
netcloudedge2,85.0,0.0
netcloudedge1,85.0,0.0
netcloudcore,85.0,0.0
netcloudgw,85.0,0.0
netcloudgw,85.0,0.0
inter2,85.0,0.0032441666666683383
inter1,85.0,0.0032441666666683383
internetgw,85.0,0.0032441666666683383
edgegw,85.0,0.0
internetedge,85.0,0.0032441666666683383
internetcore,85.0,0.0032441666666683383
internetgw,85.0,0.0
edgeedge1,90.0,0.016989722222229886
edgecore,90.0,0.003435000000001763
edgegw,90.0,0.003435000000001763
netcloudedge2,90.0,0.0
netcloudedge1,90.0,0.0
netcloudcore,90.0,0.0
netcloudgw,90.0,0.0
netcloudgw,90.0,0.0
inter2,90.0,0.003435000000001763
inter1,90.0,0.003435000000001763
internetgw,90.0,0.003435000000001763
edgegw,90.0,0.0
internetedge,90.0,0.003435000000001763
internetcore,90.0,0.003435000000001763
internetgw,90.0,0.0
edgeedge1,95.0,0.014508888888895344
edgecore,95.0,0.0032441666666683383
edgegw,95.0,0.0032441666666683383
netcloudedge2,95.0,0.0
netcloudedge1,95.0,0.0
netcloudcore,95.0,0.0
netcloudgw,95.0,0.0
netcloudgw,95.0,0.0
inter2,95.0,0.0032441666666683383
inter1,95.0,0.0032441666666683383
internetgw,95.0,0.0032441666666683383
edgegw,95.0,0.0
internetedge,95.0,0.0032441666666683383
internetcore,95.0,0.0032441666666683383
internetgw,95.0,0.0
edgeedge1,100.0,0.014893333333339975
edgecore,100.0,0.0036258333333352016
edgegw,100.0,0.0036258333333352016
netcloudedge2,100.0,0.0
netcloudedge1,100.0,0.0
netcloudcore,100.0,0.0
netcloudgw,100.0,0.0
netcloudgw,100.0,0.0
inter2,100.0,0.0036258333333352016
inter1,100.0,0.0036258333333352016
internetgw,100.0,0.0036258333333352016
edgegw,100.0,0.0
internetedge,100.0,0.0036258333333352016
internetcore,100.0,0.0036258333333352016
internetgw,100.0,0.0
edgeedge1,105.0,0.015460277777784637
edgecore,105.0,0.003211725000001414
edgegw,105.0,0.003211725000001414
netcloudedge2,105.0,0.0
netcloudedge1,105.0,0.0
netcloudcore,105.0,0.0
netcloudgw,105.0,0.0
netcloudgw,105.0,0.0
inter2,105.0,0.003211725000001414
inter1,105.0,0.003211725000001414
internetgw,105.0,0.003211725000001414
edgegw,105.0,0.0
internetedge,105.0,0.003211725000001414
internetcore,105.0,0.003211725000001414
internetgw,105.0,0.0
edgeedge1,110.0,0.015653833333340306
edgecore,110.0,0.00285868333333468
edgegw,110.0,0.00285868333333468
netcloudedge2,110.0,0.0
netcloudedge1,110.0,0.0
netcloudcore,110.0,0.0
netcloudgw,110.0,0.0
netcloudgw,110.0,0.0
inter2,110.0,0.00285868333333468
inter1,110.0,0.00285868333333468
internetgw,110.0,0.00285868333333468
edgegw,110.0,0.0
internetedge,110.0,0.00285868333333468
internetcore,110.0,0.00285868333333468
internetgw,110.0,0.0
edgeedge1,115.0,0.015081388888895653
edgecore,115.0,0.0032441666666683383
edgegw,115.0,0.0032441666666683383
netcloudedge2,115.0,0.0
netcloudedge1,115.0,0.0
netcloudcore,115.0,0.0
netcloudgw,115.0,0.0
netcloudgw,115.0,0.0
inter2,115.0,0.0032441666666683383
inter1,115.0,0.0032441666666683383
internetgw,115.0,0.0032441666666683383
edgegw,115.0,0.0
internetedge,115.0,0.0032441666666683383
internetcore,115.0,0.0032441666666683383
internetgw,115.0,0.0
edgeedge1,120.0,0.014896083333340027
edgecore,120.0,0.0032441666666683383
edgegw,120.0,0.0032441666666683383
netcloudedge2,120.0,0.0
netcloudedge1,120.0,0.0
netcloudcore,120.0,0.0
netcloudgw,120.0,0.0
netcloudgw,120.0,0.0
inter2,120.0,0.0032441666666683383
inter1,120.0,0.0032441666666683383
internetgw,120.0,0.0032441666666683383
edgegw,120.0,0.0
internetedge,120.0,0.0032441666666683383
internetcore,120.0,0.0032441666666683383
internetgw,120.0,0.0
edgeedge1,125.0,0.014091833333339465
edgecore,125.0,0.0028243333333348997
edgegw,125.0,0.0028243333333348997
netcloudedge2,125.0,0.0
netcloudedge1,125.0,0.0
netcloudcore,125.0,0.0
netcloudgw,125.0,0.0
netcloudgw,125.0,0.0
inter2,125.0,0.0028243333333348997
inter1,125.0,0.0028243333333348997
internetgw,125.0,0.0028243333333348997
edgegw,125.0,0.0
internetedge,125.0,0.0028243333333348997
internetcore,125.0,0.0028243333333348997
internetgw,125.0,0.0
edgeedge1,130.0,0.011452777777777923
edgecore,130.0,0.0022613749999999266
edgegw,130.0,0.0022613749999999266
netcloudedge2,130.0,0.0
netcloudedge1,130.0,0.0
netcloudcore,130.0,0.0
netcloudgw,130.0,0.0
netcloudgw,130.0,0.0
inter2,130.0,0.0022613749999999266
inter1,130.0,0.0022613749999999266
internetgw,130.0,0.0022613749999999266
edgegw,130.0,0.0
internetedge,130.0,0.0022613749999999266
internetcore,130.0,0.0022613749999999266
internetgw,130.0,0.0
edgeedge1,135.0,0.015468611111095598
edgecore,135.0,0.003625833333329928
edgegw,135.0,0.003625833333329928
netcloudedge2,135.0,0.0
netcloudedge1,135.0,0.0
netcloudcore,135.0,0.0
netcloudgw,135.0,0.0
netcloudgw,135.0,0.0
inter2,135.0,0.003625833333329928
inter1,135.0,0.003625833333329928
internetgw,135.0,0.003625833333329928
edgegw,135.0,0.0
internetedge,135.0,0.003625833333329928
internetcore,135.0,0.003625833333329928
internetgw,135.0,0.0
edgeedge1,140.0,0.015853055555539675
edgecore,140.0,0.004007499999996236
edgegw,140.0,0.004007499999996236
netcloudedge2,140.0,0.0
netcloudedge1,140.0,0.0
netcloudcore,140.0,0.0
netcloudgw,140.0,0.0
netcloudgw,140.0,0.0
inter2,140.0,0.004007499999996236
inter1,140.0,0.004007499999996236
internetgw,140.0,0.004007499999996236
edgegw,140.0,0.0
internetedge,140.0,0.004007499999996236
internetcore,140.0,0.004007499999996236
internetgw,140.0,0.0
edgeedge1,145.0,0.016992499999982924
edgecore,145.0,0.003625833333329928
edgegw,145.0,0.003625833333329928
netcloudedge2,145.0,0.0
netcloudedge1,145.0,0.0
netcloudcore,145.0,0.0
netcloudgw,145.0,0.0
netcloudgw,145.0,0.0
inter2,145.0,0.003625833333329928
inter1,145.0,0.003625833333329928
internetgw,145.0,0.003625833333329928
edgegw,145.0,0.0
internetedge,145.0,0.003625833333329928
internetcore,145.0,0.003625833333329928
internetgw,145.0,0.0
edgeedge1,150.0,0.01336666666665326
edgecore,150.0,0.00324416666666362
edgegw,150.0,0.00324416666666362
netcloudedge2,150.0,0.0
netcloudedge1,150.0,0.0
netcloudcore,150.0,0.0
netcloudgw,150.0,0.0
netcloudgw,150.0,0.0
inter2,150.0,0.00324416666666362
inter1,150.0,0.00324416666666362
internetgw,150.0,0.00324416666666362
edgegw,150.0,0.0
internetedge,150.0,0.00324416666666362
internetcore,150.0,0.00324416666666362
internetgw,150.0,0.0
edgeedge1,155.0,0.013941666666652808
edgecore,155.0,0.00324416666666362
edgegw,155.0,0.00324416666666362
netcloudedge2,155.0,0.0
netcloudedge1,155.0,0.0
netcloudcore,155.0,0.0
netcloudgw,155.0,0.0
netcloudgw,155.0,0.0
inter2,155.0,0.00324416666666362
inter1,155.0,0.00324416666666362
internetgw,155.0,0.00324416666666362
edgegw,155.0,0.0
internetedge,155.0,0.00324416666666362
internetcore,155.0,0.00324416666666362
internetgw,155.0,0.0
edgeedge1,160.0,0.015715824999984696
edgecore,160.0,0.00324416666666362
edgegw,160.0,0.00324416666666362
netcloudedge2,160.0,0.0
netcloudedge1,160.0,0.0
netcloudcore,160.0,0.0
netcloudgw,160.0,0.0
netcloudgw,160.0,0.0
inter2,160.0,0.00324416666666362
inter1,160.0,0.00324416666666362
internetgw,160.0,0.00324416666666362
edgegw,160.0,0.0
internetedge,160.0,0.00324416666666362
internetcore,160.0,0.00324416666666362
internetgw,160.0,0.0
edgeedge1,165.0,0.016609611111094602
edgecore,165.0,0.003625833333329928
edgegw,165.0,0.003625833333329928
netcloudedge2,165.0,0.0
netcloudedge1,165.0,0.0
netcloudcore,165.0,0.0
netcloudgw,165.0,0.0
netcloudgw,165.0,0.0
inter2,165.0,0.003625833333329928
inter1,165.0,0.003625833333329928
internetgw,165.0,0.003625833333329928
edgegw,165.0,0.0
internetedge,165.0,0.003625833333329928
internetcore,165.0,0.003625833333329928
internetgw,165.0,0.0
edgeedge1,170.0,0.011068333333322133
edgecore,170.0,0.0028624999999973116
edgegw,170.0,0.0028624999999973116
netcloudedge2,170.0,0.0
netcloudedge1,170.0,0.0
netcloudcore,170.0,0.0
netcloudgw,170.0,0.0
netcloudgw,170.0,0.0
inter2,170.0,0.0028624999999973116
inter1,170.0,0.0028624999999973116
internetgw,170.0,0.0028624999999973116
edgegw,170.0,0.0
internetedge,170.0,0.0028624999999973116
internetcore,170.0,0.0028624999999973116
internetgw,170.0,0.0
edgeedge1,175.0,0.01624205555553937
edgecore,175.0,0.002984633333331446
edgegw,175.0,0.002984633333331446
netcloudedge2,175.0,0.0
netcloudedge1,175.0,0.0
netcloudcore,175.0,0.0
netcloudgw,175.0,0.0
netcloudgw,175.0,0.0
inter2,175.0,0.002984633333331446
inter1,175.0,0.002984633333331446
internetgw,175.0,0.002984633333331446
edgegw,175.0,0.0
internetedge,175.0,0.002984633333331446
internetcore,175.0,0.002984633333331446
internetgw,175.0,0.0
edgeedge1,180.0,0.01497407222220748
edgecore,180.0,0.004099099999996567
edgegw,180.0,0.004099099999996567
netcloudedge2,180.0,0.0
netcloudedge1,180.0,0.0
netcloudcore,180.0,0.0
netcloudgw,180.0,0.0
netcloudgw,180.0,0.0
inter2,180.0,0.004099099999996567
inter1,180.0,0.004099099999996567
internetgw,180.0,0.004099099999996567
edgegw,180.0,0.0
internetedge,180.0,0.004099099999996567
internetcore,180.0,0.004099099999996567
internetgw,180.0,0.0
edgeedge1,185.0,0.01317861111109786
edgecore,185.0,0.003368208333330222
edgegw,185.0,0.003368208333330222
netcloudedge2,185.0,0.0
netcloudedge1,185.0,0.0
netcloudcore,185.0,0.0
netcloudgw,185.0,0.0
netcloudgw,185.0,0.0
inter2,185.0,0.003368208333330222
inter1,185.0,0.003368208333330222
internetgw,185.0,0.003368208333330222
edgegw,185.0,0.0
internetedge,185.0,0.003368208333330222
internetcore,185.0,0.003368208333330222
internetgw,185.0,0.0
edgeedge1,190.0,0.01202527777776563
edgecore,190.0,0.002671666666664352
edgegw,190.0,0.002671666666664352
netcloudedge2,190.0,0.0
netcloudedge1,190.0,0.0
netcloudcore,190.0,0.0
netcloudgw,190.0,0.0
netcloudgw,190.0,0.0
inter2,190.0,0.002671666666664352
inter1,190.0,0.002671666666664352
internetgw,190.0,0.002671666666664352
edgegw,190.0,0.0
internetedge,190.0,0.002671666666664352
internetcore,190.0,0.002671666666664352
internetgw,190.0,0.0
edgeedge1,195.0,0.012982222222209128
edgecore,195.0,0.0034349999999970238
edgegw,195.0,0.0034349999999970238
netcloudedge2,195.0,0.0
netcloudedge1,195.0,0.0
netcloudcore,195.0,0.0
netcloudgw,195.0,0.0
netcloudgw,195.0,0.0
inter2,195.0,0.0034349999999970238
inter1,195.0,0.0034349999999970238
internetgw,195.0,0.0034349999999970238
edgegw,195.0,0.0
internetedge,195.0,0.0034349999999970238
internetcore,195.0,0.0034349999999970238
internetgw,195.0,0.0
edgeedge1,200.0,0.01145277777776621
edgecore,200.0,0.0034349999999970238
edgegw,200.0,0.0034349999999970238
netcloudedge2,200.0,0.0
netcloudedge1,200.0,0.0
netcloudcore,200.0,0.0
netcloudgw,200.0,0.0
netcloudgw,200.0,0.0
inter2,200.0,0.0034349999999970238
inter1,200.0,0.0034349999999970238
internetgw,200.0,0.0034349999999970238
edgegw,200.0,0.0
internetedge,200.0,0.0034349999999970238
internetcore,200.0,0.0034349999999970238
internetgw,200.0,0.0
edgeedge1,205.0,0.017379722222204852
edgecore,205.0,0.004198333333329696
edgegw,205.0,0.004198333333329696
netcloudedge2,205.0,0.0
netcloudedge1,205.0,0.0
netcloudcore,205.0,0.0
netcloudgw,205.0,0.0
netcloudgw,205.0,0.0
inter2,205.0,0.004198333333329696
inter1,205.0,0.004198333333329696
internetgw,205.0,0.004198333333329696
edgegw,205.0,0.0
internetedge,205.0,0.004198333333329696
internetcore,205.0,0.004198333333329696
internetgw,205.0,0.0
edgeedge1,210.0,0.018915694444425535
edgecore,210.0,0.003295691666664463
edgegw,210.0,0.003295691666664463
netcloudedge2,210.0,0.0
netcloudedge1,210.0,0.0
netcloudcore,210.0,0.0
netcloudgw,210.0,0.0
netcloudgw,210.0,0.0
inter2,210.0,0.003295691666664463
inter1,210.0,0.003295691666664463
internetgw,210.0,0.003295691666664463
edgegw,210.0,0.0
internetedge,210.0,0.003295691666664463
internetcore,210.0,0.003295691666664463
internetgw,210.0,0.0
edgeedge1,215.0,0.017186111111093916
edgecore,215.0,0.0033891999999971223
edgegw,215.0,0.0033891999999971223
netcloudedge2,215.0,0.0
netcloudedge1,215.0,0.0
netcloudcore,215.0,0.0
netcloudgw,215.0,0.0
netcloudgw,215.0,0.0
inter2,215.0,0.0033891999999971223
inter1,215.0,0.0033891999999971223
internetgw,215.0,0.0033891999999971223
edgegw,215.0,0.0
internetedge,215.0,0.0033891999999971223
internetcore,215.0,0.0033891999999971223
internetgw,215.0,0.0
edgeedge1,220.0,0.01336388888887552
edgecore,220.0,0.00286249999999752
edgegw,220.0,0.00286249999999752
netcloudedge2,220.0,0.0
netcloudedge1,220.0,0.0
netcloudcore,220.0,0.0
netcloudgw,220.0,0.0
netcloudgw,220.0,0.0
inter2,220.0,0.00286249999999752
inter1,220.0,0.00286249999999752
internetgw,220.0,0.00286249999999752
edgegw,220.0,0.0
internetedge,220.0,0.00286249999999752
internetcore,220.0,0.00286249999999752
internetgw,220.0,0.0
edgeedge1,225.0,0.01469972222220739
edgecore,225.0,0.0034349999999970238
edgegw,225.0,0.0034349999999970238
netcloudedge2,225.0,0.0
netcloudedge1,225.0,0.0
netcloudcore,225.0,0.0
netcloudgw,225.0,0.0
netcloudgw,225.0,0.0
inter2,225.0,0.0034349999999970238
inter1,225.0,0.0034349999999970238
internetgw,225.0,0.0034349999999970238
edgegw,225.0,0.0
internetedge,225.0,0.0034349999999970238
internetcore,225.0,0.0034349999999970238
internetgw,225.0,0.0
edgeedge1,230.0,0.015673841666650867
edgecore,230.0,0.0038166666666633597
edgegw,230.0,0.0038166666666633597
netcloudedge2,230.0,0.0
netcloudedge1,230.0,0.0
netcloudcore,230.0,0.0
netcloudgw,230.0,0.0
netcloudgw,230.0,0.0
inter2,230.0,0.0038166666666633597
inter1,230.0,0.0038166666666633597
internetgw,230.0,0.0038166666666633597
edgegw,230.0,0.0
internetedge,230.0,0.0038166666666633597
internetcore,230.0,0.0038166666666633597
internetgw,230.0,0.0
edgeedge1,235.0,0.01507583333331819
edgecore,235.0,0.00301325833333152
edgegw,235.0,0.00301325833333152
netcloudedge2,235.0,0.0
netcloudedge1,235.0,0.0
netcloudcore,235.0,0.0
netcloudgw,235.0,0.0
netcloudgw,235.0,0.0
inter2,235.0,0.00301325833333152
inter1,235.0,0.00301325833333152
internetgw,235.0,0.00301325833333152
edgegw,235.0,0.0
internetedge,235.0,0.00301325833333152
internetcore,235.0,0.00301325833333152
internetgw,235.0,0.0
edgeedge1,240.0,0.014511666666652046
edgecore,240.0,0.003053333333330688
edgegw,240.0,0.003053333333330688
netcloudedge2,240.0,0.0
netcloudedge1,240.0,0.0
netcloudcore,240.0,0.0
netcloudgw,240.0,0.0
netcloudgw,240.0,0.0
inter2,240.0,0.003053333333330688
inter1,240.0,0.003053333333330688
internetgw,240.0,0.003053333333330688
edgegw,240.0,0.0
internetedge,240.0,0.003053333333330688
internetcore,240.0,0.003053333333330688
internetgw,240.0,0.0
edgeedge1,245.0,0.014647372222207689
edgecore,245.0,0.003127758333330982
edgegw,245.0,0.003127758333330982
netcloudedge2,245.0,0.0
netcloudedge1,245.0,0.0
netcloudcore,245.0,0.0
netcloudgw,245.0,0.0
netcloudgw,245.0,0.0
inter2,245.0,0.003127758333330982
inter1,245.0,0.003127758333330982
internetgw,245.0,0.003127758333330982
edgegw,245.0,0.0
internetedge,245.0,0.003127758333330982
internetcore,245.0,0.003127758333330982
internetgw,245.0,0.0
edgeedge1,250.0,0.013748333333319596
edgecore,250.0,0.0030781416666643135
edgegw,250.0,0.0030781416666643135
netcloudedge2,250.0,0.0
netcloudedge1,250.0,0.0
netcloudcore,250.0,0.0
netcloudgw,250.0,0.0
netcloudgw,250.0,0.0
inter2,250.0,0.0030781416666643135
inter1,250.0,0.0030781416666643135
internetgw,250.0,0.0030781416666643135
edgegw,250.0,0.0
internetedge,250.0,0.0030781416666643135
internetcore,250.0,0.0030781416666643135
internetgw,250.0,0.0
edgeedge1,255.0,0.012984999999986924
edgecore,255.0,0.002671666666664352
edgegw,255.0,0.002671666666664352
netcloudedge2,255.0,0.0
netcloudedge1,255.0,0.0
netcloudcore,255.0,0.0
netcloudgw,255.0,0.0
netcloudgw,255.0,0.0
inter2,255.0,0.002671666666664352
inter1,255.0,0.002671666666664352
internetgw,255.0,0.002671666666664352
edgegw,255.0,0.0
internetedge,255.0,0.002671666666664352
internetcore,255.0,0.002671666666664352
internetgw,255.0,0.0
edgeedge1,260.0,0.017371388888871575
edgecore,260.0,0.003141116666663668
edgegw,260.0,0.003141116666663668
netcloudedge2,260.0,0.0
netcloudedge1,260.0,0.0
netcloudcore,260.0,0.0
netcloudgw,260.0,0.0
netcloudgw,260.0,0.0
inter2,260.0,0.003141116666663668
inter1,260.0,0.003141116666663668
internetgw,260.0,0.003141116666663668
edgegw,260.0,0.0
internetedge,260.0,0.003141116666663668
internetcore,260.0,0.003141116666663668
internetgw,260.0,0.0
edgeedge1,265.0,0.014702499999985297
edgecore,265.0,0.0038166666666633597
edgegw,265.0,0.0038166666666633597
netcloudedge2,265.0,0.0
netcloudedge1,265.0,0.0
netcloudcore,265.0,0.0
netcloudgw,265.0,0.0
netcloudgw,265.0,0.0
inter2,265.0,0.0038166666666633597
inter1,265.0,0.0038166666666633597
internetgw,265.0,0.0038166666666633597
edgegw,265.0,0.0
internetedge,265.0,0.0038166666666633597
internetcore,265.0,0.0038166666666633597
internetgw,265.0,0.0
edgeedge1,270.0,0.015850277777761934
edgecore,270.0,0.0036258333333301918
edgegw,270.0,0.0036258333333301918
netcloudedge2,270.0,0.0
netcloudedge1,270.0,0.0
netcloudcore,270.0,0.0
netcloudgw,270.0,0.0
netcloudgw,270.0,0.0
inter2,270.0,0.0036258333333301918
inter1,270.0,0.0036258333333301918
internetgw,270.0,0.0036258333333301918
edgegw,270.0,0.0
internetedge,270.0,0.0036258333333301918
internetcore,270.0,0.0036258333333301918
internetgw,270.0,0.0
edgeedge1,275.0,0.01641636111109468
edgecore,275.0,0.003185008333330186
edgegw,275.0,0.003185008333330186
netcloudedge2,275.0,0.0
netcloudedge1,275.0,0.0
netcloudcore,275.0,0.0
netcloudgw,275.0,0.0
netcloudgw,275.0,0.0
inter2,275.0,0.003185008333330186
inter1,275.0,0.003185008333330186
internetgw,275.0,0.003185008333330186
edgegw,275.0,0.0
internetedge,275.0,0.003185008333330186
internetcore,275.0,0.003185008333330186
internetgw,275.0,0.0
edgeedge1,280.0,0.016610833333316588
edgecore,280.0,0.0034349999999970238
edgegw,280.0,0.0034349999999970238
netcloudedge2,280.0,0.0
netcloudedge1,280.0,0.0
netcloudcore,280.0,0.0
netcloudgw,280.0,0.0
netcloudgw,280.0,0.0
inter2,280.0,0.0034349999999970238
inter1,280.0,0.0034349999999970238
internetgw,280.0,0.0034349999999970238
edgegw,280.0,0.0
internetedge,280.0,0.0034349999999970238
internetcore,280.0,0.0034349999999970238
internetgw,280.0,0.0
edgeedge1,285.0,0.012603333333320643
edgecore,285.0,0.00286249999999752
edgegw,285.0,0.00286249999999752
netcloudedge2,285.0,0.0
netcloudedge1,285.0,0.0
netcloudcore,285.0,0.0
netcloudgw,285.0,0.0
netcloudgw,285.0,0.0
inter2,285.0,0.00286249999999752
inter1,285.0,0.00286249999999752
internetgw,285.0,0.00286249999999752
edgegw,285.0,0.0
internetedge,285.0,0.00286249999999752
internetcore,285.0,0.00286249999999752
internetgw,285.0,0.0
edgeedge1,290.0,0.017000833333316256
edgecore,290.0,0.0036258333333301918
edgegw,290.0,0.0036258333333301918
netcloudedge2,290.0,0.0
netcloudedge1,290.0,0.0
netcloudcore,290.0,0.0
netcloudgw,290.0,0.0
netcloudgw,290.0,0.0
inter2,290.0,0.0036258333333301918
inter1,290.0,0.0036258333333301918
internetgw,290.0,0.0036258333333301918
edgegw,290.0,0.0
internetedge,290.0,0.0036258333333301918
internetcore,290.0,0.0036258333333301918
internetgw,290.0,0.0
edgeedge1,295.0,0.014129999999985876
edgecore,295.0,0.0035590416666650693
edgegw,295.0,0.0035590416666650693
netcloudedge2,295.0,0.0
netcloudedge1,295.0,0.0
netcloudcore,295.0,0.0
netcloudgw,295.0,0.0
netcloudgw,295.0,0.0
inter2,295.0,0.0035590416666650693
inter1,295.0,0.0035590416666650693
internetgw,295.0,0.0035590416666650693
edgegw,295.0,0.0
internetedge,295.0,0.0035590416666650693
internetcore,295.0,0.0035590416666650693
internetgw,295.0,0.0
edgeedge1,300.0,0.017753055555537745
edgecore,300.0,0.00286249999999752
edgegw,300.0,0.00286249999999752
netcloudedge2,300.0,0.0
netcloudedge1,300.0,0.0
netcloudcore,300.0,0.0
netcloudgw,300.0,0.0
netcloudgw,300.0,0.0
inter2,300.0,0.00286249999999752
inter1,300.0,0.00286249999999752
internetgw,300.0,0.00286249999999752
edgegw,300.0,0.0
internetedge,300.0,0.00286249999999752
internetcore,300.0,0.00286249999999752
internetgw,300.0,0.0
edgeedge1,305.0,0.013173055555542379
edgecore,305.0,0.0032441666666638558
edgegw,305.0,0.0032441666666638558
netcloudedge2,305.0,0.0
netcloudedge1,305.0,0.0
netcloudcore,305.0,0.0
netcloudgw,305.0,0.0
netcloudgw,305.0,0.0
inter2,305.0,0.0032441666666638558
inter1,305.0,0.0032441666666638558
internetgw,305.0,0.0032441666666638558
edgegw,305.0,0.0
internetedge,305.0,0.0032441666666638558
internetcore,305.0,0.0032441666666638558
internetgw,305.0,0.0
edgeedge1,310.0,0.014898888888874029
edgecore,310.0,0.0036258333333301918
edgegw,310.0,0.0036258333333301918
netcloudedge2,310.0,0.0
netcloudedge1,310.0,0.0
netcloudcore,310.0,0.0
netcloudgw,310.0,0.0
netcloudgw,310.0,0.0
inter2,310.0,0.0036258333333301918
inter1,310.0,0.0036258333333301918
internetgw,310.0,0.0036258333333301918
edgegw,310.0,0.0
internetedge,310.0,0.0036258333333301918
internetcore,310.0,0.0036258333333301918
internetgw,310.0,0.0
edgeedge1,315.0,0.012608888888876235
edgecore,315.0,0.0034349999999970238
edgegw,315.0,0.0034349999999970238
netcloudedge2,315.0,0.0
netcloudedge1,315.0,0.0
netcloudcore,315.0,0.0
netcloudgw,315.0,0.0
netcloudgw,315.0,0.0
inter2,315.0,0.0034349999999970238
inter1,315.0,0.0034349999999970238
internetgw,315.0,0.0034349999999970238
edgegw,315.0,0.0
internetedge,315.0,0.0034349999999970238
internetcore,315.0,0.0034349999999970238
internetgw,315.0,0.0
edgeedge1,320.0,0.014696944444429594
edgecore,320.0,0.002671666666664352
edgegw,320.0,0.002671666666664352
netcloudedge2,320.0,0.0
netcloudedge1,320.0,0.0
netcloudcore,320.0,0.0
netcloudgw,320.0,0.0
netcloudgw,320.0,0.0
inter2,320.0,0.002671666666664352
inter1,320.0,0.002671666666664352
internetgw,320.0,0.002671666666664352
edgegw,320.0,0.0
internetedge,320.0,0.002671666666664352
internetcore,320.0,0.002671666666664352
internetgw,320.0,0.0
edgeedge1,325.0,0.015275388888873809
edgecore,325.0,0.003053333333330688
edgegw,325.0,0.003053333333330688
netcloudedge2,325.0,0.0
netcloudedge1,325.0,0.0
netcloudcore,325.0,0.0
netcloudgw,325.0,0.0
netcloudgw,325.0,0.0
inter2,325.0,0.003053333333330688
inter1,325.0,0.003053333333330688
internetgw,325.0,0.003053333333330688
edgegw,325.0,0.0
internetedge,325.0,0.003053333333330688
internetcore,325.0,0.003053333333330688
internetgw,325.0,0.0
edgeedge1,330.0,0.016032777777761686
edgecore,330.0,0.004049483333329079
edgegw,330.0,0.004049483333329079
netcloudedge2,330.0,0.0
netcloudedge1,330.0,0.0
netcloudcore,330.0,0.0
netcloudgw,330.0,0.0
netcloudgw,330.0,0.0
inter2,330.0,0.004049483333329079
inter1,330.0,0.004049483333329079
internetgw,330.0,0.004049483333329079
edgegw,330.0,0.0
internetedge,330.0,0.004049483333329079
internetcore,330.0,0.004049483333329079
internetgw,330.0,0.0
edgeedge1,335.0,0.015333288888873309
edgecore,335.0,0.0030895916666646706
edgegw,335.0,0.0030895916666646706
netcloudedge2,335.0,0.0
netcloudedge1,335.0,0.0
netcloudcore,335.0,0.0
netcloudgw,335.0,0.0
netcloudgw,335.0,0.0
inter2,335.0,0.0030895916666646706
inter1,335.0,0.0030895916666646706
internetgw,335.0,0.0030895916666646706
edgegw,335.0,0.0
internetedge,335.0,0.0030895916666646706
internetcore,335.0,0.0030895916666646706
internetgw,335.0,0.0
edgeedge1,340.0,0.01566222222220648
edgecore,340.0,0.0032441666666638558
edgegw,340.0,0.0032441666666638558
netcloudedge2,340.0,0.0
netcloudedge1,340.0,0.0
netcloudcore,340.0,0.0
netcloudgw,340.0,0.0
netcloudgw,340.0,0.0
inter2,340.0,0.0032441666666638558
inter1,340.0,0.0032441666666638558
internetgw,340.0,0.0032441666666638558
edgegw,340.0,0.0
internetedge,340.0,0.0032441666666638558
internetcore,340.0,0.0032441666666638558
internetgw,340.0,0.0
edgeedge1,345.0,0.015277361111095678
edgecore,345.0,0.003406374999996603
edgegw,345.0,0.003406374999996603
netcloudedge2,345.0,0.0
netcloudedge1,345.0,0.0
netcloudcore,345.0,0.0
netcloudgw,345.0,0.0
netcloudgw,345.0,0.0
inter2,345.0,0.003406374999996603
inter1,345.0,0.003406374999996603
internetgw,345.0,0.003406374999996603
edgegw,345.0,0.0
internetedge,345.0,0.003406374999996603
internetcore,345.0,0.003406374999996603
internetgw,345.0,0.0
edgeedge1,350.0,0.015081388888873892
edgecore,350.0,0.003799491666663324
edgegw,350.0,0.003799491666663324
netcloudedge2,350.0,0.0
netcloudedge1,350.0,0.0
netcloudcore,350.0,0.0
netcloudgw,350.0,0.0
netcloudgw,350.0,0.0
inter2,350.0,0.003799491666663324
inter1,350.0,0.003799491666663324
internetgw,350.0,0.003799491666663324
edgegw,350.0,0.0
internetedge,350.0,0.003799491666663324
internetcore,350.0,0.003799491666663324
internetgw,350.0,0.0
edgeedge1,355.0,0.01603555555553937
edgecore,355.0,0.0032441666666638558
edgegw,355.0,0.0032441666666638558
netcloudedge2,355.0,0.0
netcloudedge1,355.0,0.0
netcloudcore,355.0,0.0
netcloudgw,355.0,0.0
netcloudgw,355.0,0.0
inter2,355.0,0.0032441666666638558
inter1,355.0,0.0032441666666638558
internetgw,355.0,0.0032441666666638558
edgegw,355.0,0.0
internetedge,355.0,0.0032441666666638558
internetcore,355.0,0.0032441666666638558
internetgw,355.0,0.0
edgeedge1,360.0,0.015841944444428435
edgecore,360.0,0.0038166666666633597
edgegw,360.0,0.0038166666666633597
netcloudedge2,360.0,0.0
netcloudedge1,360.0,0.0
netcloudcore,360.0,0.0
netcloudgw,360.0,0.0
netcloudgw,360.0,0.0
inter2,360.0,0.0038166666666633597
inter1,360.0,0.0038166666666633597
internetgw,360.0,0.0038166666666633597
edgegw,360.0,0.0
internetedge,360.0,0.0038166666666633597
internetcore,360.0,0.0038166666666633597
internetgw,360.0,0.0
edgeedge1,365.0,0.009159999999990731
edgecore,365.0,0.002480833333331184
edgegw,365.0,0.002480833333331184
netcloudedge2,365.0,0.0
netcloudedge1,365.0,0.0
netcloudcore,365.0,0.0
netcloudgw,365.0,0.0
netcloudgw,365.0,0.0
inter2,365.0,0.002480833333331184
inter1,365.0,0.002480833333331184
internetgw,365.0,0.002480833333331184
edgegw,365.0,0.0
internetedge,365.0,0.002480833333331184
internetcore,365.0,0.002480833333331184
internetgw,365.0,0.0
edgeedge1,370.0,0.018519166666648212
edgecore,370.0,0.0032441666666638558
edgegw,370.0,0.0032441666666638558
netcloudedge2,370.0,0.0
netcloudedge1,370.0,0.0
netcloudcore,370.0,0.0
netcloudgw,370.0,0.0
netcloudgw,370.0,0.0
inter2,370.0,0.0032441666666638558
inter1,370.0,0.0032441666666638558
internetgw,370.0,0.0032441666666638558
edgegw,370.0,0.0
internetedge,370.0,0.0032441666666638558
internetcore,370.0,0.0032441666666638558
internetgw,370.0,0.0
edgeedge1,375.0,0.015084166666651466
edgecore,375.0,0.003625833333329803
edgegw,375.0,0.003625833333329803
netcloudedge2,375.0,0.0
netcloudedge1,375.0,0.0
netcloudcore,375.0,0.0
netcloudgw,375.0,0.0
netcloudgw,375.0,0.0
inter2,375.0,0.003625833333329803
inter1,375.0,0.003625833333329803
internetgw,375.0,0.003625833333329803
edgegw,375.0,0.0
internetedge,375.0,0.003625833333329803
internetcore,375.0,0.003625833333329803
internetgw,375.0,0.0
edgeedge1,380.0,0.015656666666650887
edgecore,380.0,0.003601024999996094
edgegw,380.0,0.003601024999996094
netcloudedge2,380.0,0.0
netcloudedge1,380.0,0.0
netcloudcore,380.0,0.0
netcloudgw,380.0,0.0
netcloudgw,380.0,0.0
inter2,380.0,0.003601024999996094
inter1,380.0,0.003601024999996094
internetgw,380.0,0.003601024999996094
edgegw,380.0,0.0
internetedge,380.0,0.003601024999996094
internetcore,380.0,0.003601024999996094
internetgw,380.0,0.0
edgeedge1,385.0,0.016631824999983502
edgecore,385.0,0.003434999999996524
edgegw,385.0,0.003434999999996524
netcloudedge2,385.0,0.0
netcloudedge1,385.0,0.0
netcloudcore,385.0,0.0
netcloudgw,385.0,0.0
netcloudgw,385.0,0.0
inter2,385.0,0.003434999999996524
inter1,385.0,0.003434999999996524
internetgw,385.0,0.003434999999996524
edgegw,385.0,0.0
internetedge,385.0,0.003434999999996524
internetcore,385.0,0.003434999999996524
internetgw,385.0,0.0
edgeedge1,390.0,0.014135555555541579
edgecore,390.0,0.0035304166666630943
edgegw,390.0,0.0035304166666630943
netcloudedge2,390.0,0.0
netcloudedge1,390.0,0.0
netcloudcore,390.0,0.0
netcloudgw,390.0,0.0
netcloudgw,390.0,0.0
inter2,390.0,0.0035304166666630943
inter1,390.0,0.0035304166666630943
internetgw,390.0,0.0035304166666630943
edgegw,390.0,0.0
internetedge,390.0,0.0035304166666630943
internetcore,390.0,0.0035304166666630943
internetgw,390.0,0.0
edgeedge1,395.0,0.01489055555554053
edgecore,395.0,0.0030628749999978
edgegw,395.0,0.0030628749999978
netcloudedge2,395.0,0.0
netcloudedge1,395.0,0.0
netcloudcore,395.0,0.0
netcloudgw,395.0,0.0
netcloudgw,395.0,0.0
inter2,395.0,0.0030628749999978
inter1,395.0,0.0030628749999978
internetgw,395.0,0.0030628749999978
edgegw,395.0,0.0
internetedge,395.0,0.0030628749999978
internetcore,395.0,0.0030628749999978
internetgw,395.0,0.0
edgeedge1,400.0,0.015379088888873849
edgecore,400.0,0.0030533333333302437
edgegw,400.0,0.0030533333333302437
netcloudedge2,400.0,0.0
netcloudedge1,400.0,0.0
netcloudcore,400.0,0.0
netcloudgw,400.0,0.0
netcloudgw,400.0,0.0
inter2,400.0,0.0030533333333302437
inter1,400.0,0.0030533333333302437
internetgw,400.0,0.0030533333333302437
edgegw,400.0,0.0
internetedge,400.0,0.0030533333333302437
internetcore,400.0,0.0030533333333302437
internetgw,400.0,0.0
edgeedge1,405.0,0.015468611111095543
edgecore,405.0,0.0036258333333296644
edgegw,405.0,0.0036258333333296644
netcloudedge2,405.0,0.0
netcloudedge1,405.0,0.0
netcloudcore,405.0,0.0
netcloudgw,405.0,0.0
netcloudgw,405.0,0.0
inter2,405.0,0.0036258333333296644
inter1,405.0,0.0036258333333296644
internetgw,405.0,0.0036258333333296644
edgegw,405.0,0.0
internetedge,405.0,0.0036258333333296644
internetcore,405.0,0.0036258333333296644
internetgw,405.0,0.0
edgeedge1,410.0,0.0156622222222067
edgecore,410.0,0.0032288999999973145
edgegw,410.0,0.0032288999999973145
netcloudedge2,410.0,0.0
netcloudedge1,410.0,0.0
netcloudcore,410.0,0.0
netcloudgw,410.0,0.0
netcloudgw,410.0,0.0
inter2,410.0,0.0032288999999973145
inter1,410.0,0.0032288999999973145
internetgw,410.0,0.0032288999999973145
edgegw,410.0,0.0
internetedge,410.0,0.0032288999999973145
internetcore,410.0,0.0032288999999973145
internetgw,410.0,0.0
edgeedge1,415.0,0.01527222222220681
edgecore,415.0,0.003244166666663384
edgegw,415.0,0.003244166666663384
netcloudedge2,415.0,0.0
netcloudedge1,415.0,0.0
netcloudcore,415.0,0.0
netcloudgw,415.0,0.0
netcloudgw,415.0,0.0
inter2,415.0,0.003244166666663384
inter1,415.0,0.003244166666663384
internetgw,415.0,0.003244166666663384
edgegw,415.0,0.0
internetedge,415.0,0.003244166666663384
internetcore,415.0,0.003244166666663384
internetgw,415.0,0.0
edgeedge1,420.0,0.016040555555539404
edgecore,420.0,0.0026716666666639632
edgegw,420.0,0.0026716666666639632
netcloudedge2,420.0,0.0
netcloudedge1,420.0,0.0
netcloudcore,420.0,0.0
netcloudgw,420.0,0.0
netcloudgw,420.0,0.0
inter2,420.0,0.0026716666666639632
inter1,420.0,0.0026716666666639632
internetgw,420.0,0.0026716666666639632
edgegw,420.0,0.0
internetedge,420.0,0.0026716666666639632
internetcore,420.0,0.0026716666666639632
internetgw,420.0,0.0
edgeedge1,425.0,0.014887777777762734
edgecore,425.0,0.002978908333330532
edgegw,425.0,0.002978908333330532
netcloudedge2,425.0,0.0
netcloudedge1,425.0,0.0
netcloudcore,425.0,0.0
netcloudgw,425.0,0.0
netcloudgw,425.0,0.0
inter2,425.0,0.002978908333330532
inter1,425.0,0.002978908333330532
internetgw,425.0,0.002978908333330532
edgegw,425.0,0.0
internetedge,425.0,0.002978908333330532
internetcore,425.0,0.002978908333330532
internetgw,425.0,0.0
edgeedge1,430.0,0.015078611111095874
edgecore,430.0,0.0036258333333296644
edgegw,430.0,0.0036258333333296644
netcloudedge2,430.0,0.0
netcloudedge1,430.0,0.0
netcloudcore,430.0,0.0
netcloudgw,430.0,0.0
netcloudgw,430.0,0.0
inter2,430.0,0.0036258333333296644
inter1,430.0,0.0036258333333296644
internetgw,430.0,0.0036258333333296644
edgegw,430.0,0.0
internetedge,430.0,0.0036258333333296644
internetcore,430.0,0.0036258333333296644
internetgw,430.0,0.0
edgeedge1,435.0,0.016040944444428495
edgecore,435.0,0.0028815833333310503
edgegw,435.0,0.0028815833333310503
netcloudedge2,435.0,0.0
netcloudedge1,435.0,0.0
netcloudcore,435.0,0.0
netcloudgw,435.0,0.0
netcloudgw,435.0,0.0
inter2,435.0,0.0028815833333310503
inter1,435.0,0.0028815833333310503
internetgw,435.0,0.0028815833333310503
edgegw,435.0,0.0
internetedge,435.0,0.0028815833333310503
internetcore,435.0,0.0028815833333310503
internetgw,435.0,0.0
edgeedge1,440.0,0.017154538888872972
edgecore,440.0,0.0036716333333300932
edgegw,440.0,0.0036716333333300932
netcloudedge2,440.0,0.0
netcloudedge1,440.0,0.0
netcloudcore,440.0,0.0
netcloudgw,440.0,0.0
netcloudgw,440.0,0.0
inter2,440.0,0.0036716333333300932
inter1,440.0,0.0036716333333300932
internetgw,440.0,0.0036716333333300932
edgegw,440.0,0.0
internetedge,440.0,0.0036716333333300932
internetcore,440.0,0.0036716333333300932
internetgw,440.0,0.0
edgeedge1,445.0,0.014454247222208227
edgecore,445.0,0.004007499999995945
edgegw,445.0,0.004007499999995945
netcloudedge2,445.0,0.0
netcloudedge1,445.0,0.0
netcloudcore,445.0,0.0
netcloudgw,445.0,0.0
netcloudgw,445.0,0.0
inter2,445.0,0.004007499999995945
inter1,445.0,0.004007499999995945
internetgw,445.0,0.004007499999995945
edgegw,445.0,0.0
internetedge,445.0,0.004007499999995945
internetcore,445.0,0.004007499999995945
internetgw,445.0,0.0
edgeedge1,450.0,0.015087138888873586
edgecore,450.0,0.0028491416666638902
edgegw,450.0,0.0028491416666638902
netcloudedge2,450.0,0.0
netcloudedge1,450.0,0.0
netcloudcore,450.0,0.0
netcloudgw,450.0,0.0
netcloudgw,450.0,0.0
inter2,450.0,0.0028491416666638902
inter1,450.0,0.0028491416666638902
internetgw,450.0,0.0028491416666638902
edgegw,450.0,0.0
internetedge,450.0,0.0028491416666638902
internetcore,450.0,0.0028491416666638902
internetgw,450.0,0.0
edgeedge1,455.0,0.016987944444427194
edgecore,455.0,0.003434999999996524
edgegw,455.0,0.003434999999996524
netcloudedge2,455.0,0.0
netcloudedge1,455.0,0.0
netcloudcore,455.0,0.0
netcloudgw,455.0,0.0
netcloudgw,455.0,0.0
inter2,455.0,0.003434999999996524
inter1,455.0,0.003434999999996524
internetgw,455.0,0.003434999999996524
edgegw,455.0,0.0
internetedge,455.0,0.003434999999996524
internetcore,455.0,0.003434999999996524
internetgw,455.0,0.0
edgeedge1,460.0,0.014315277777763313
edgecore,460.0,0.0028624999999971035
edgegw,460.0,0.0028624999999971035
netcloudedge2,460.0,0.0
netcloudedge1,460.0,0.0
netcloudcore,460.0,0.0
netcloudgw,460.0,0.0
netcloudgw,460.0,0.0
inter2,460.0,0.0028624999999971035
inter1,460.0,0.0028624999999971035
internetgw,460.0,0.0028624999999971035
edgegw,460.0,0.0
internetedge,460.0,0.0028624999999971035
internetcore,460.0,0.0028624999999971035
internetgw,460.0,0.0
edgeedge1,465.0,0.01699249999998287
edgecore,465.0,0.0030533333333302437
edgegw,465.0,0.0030533333333302437
netcloudedge2,465.0,0.0
netcloudedge1,465.0,0.0
netcloudcore,465.0,0.0
netcloudgw,465.0,0.0
netcloudgw,465.0,0.0
inter2,465.0,0.0030533333333302437
inter1,465.0,0.0030533333333302437
internetgw,465.0,0.0030533333333302437
edgegw,465.0,0.0
internetedge,465.0,0.0030533333333302437
internetcore,465.0,0.0030533333333302437
internetgw,465.0,0.0
edgeedge1,470.0,0.017376194444427062
edgecore,470.0,0.0033834749999953617
edgegw,470.0,0.0033834749999953617
netcloudedge2,470.0,0.0
netcloudedge1,470.0,0.0
netcloudcore,470.0,0.0
netcloudgw,470.0,0.0
netcloudgw,470.0,0.0
inter2,470.0,0.0033834749999953617
inter1,470.0,0.0033834749999953617
internetgw,470.0,0.0033834749999953617
edgegw,470.0,0.0
internetedge,470.0,0.0033834749999953617
internetcore,470.0,0.0033834749999953617
internetgw,470.0,0.0
edgeedge1,475.0,0.015274999999984606
edgecore,475.0,0.003244166666663384
edgegw,475.0,0.003244166666663384
netcloudedge2,475.0,0.0
netcloudedge1,475.0,0.0
netcloudcore,475.0,0.0
netcloudgw,475.0,0.0
netcloudgw,475.0,0.0
inter2,475.0,0.003244166666663384
inter1,475.0,0.003244166666663384
internetgw,475.0,0.003244166666663384
edgegw,475.0,0.0
internetedge,475.0,0.003244166666663384
internetcore,475.0,0.003244166666663384
internetgw,475.0,0.0
edgeedge1,480.0,0.014702499999985408
edgecore,480.0,0.003244166666663384
edgegw,480.0,0.003244166666663384
netcloudedge2,480.0,0.0
netcloudedge1,480.0,0.0
netcloudcore,480.0,0.0
netcloudgw,480.0,0.0
netcloudgw,480.0,0.0
inter2,480.0,0.003244166666663384
inter1,480.0,0.003244166666663384
internetgw,480.0,0.003244166666663384
edgegw,480.0,0.0
internetedge,480.0,0.003244166666663384
internetcore,480.0,0.003244166666663384
internetgw,480.0,0.0
edgeedge1,485.0,0.01680166666664973
edgecore,485.0,0.0030724166666641906
edgegw,485.0,0.0030724166666641906
netcloudedge2,485.0,0.0
netcloudedge1,485.0,0.0
netcloudcore,485.0,0.0
netcloudgw,485.0,0.0
netcloudgw,485.0,0.0
inter2,485.0,0.0030724166666641906
inter1,485.0,0.0030724166666641906
internetgw,485.0,0.0030724166666641906
edgegw,485.0,0.0
internetedge,485.0,0.0030724166666641906
internetcore,485.0,0.0030724166666641906
internetgw,485.0,0.0
edgeedge1,490.0,0.014187249999985552
edgecore,490.0,0.002971274999997997
edgegw,490.0,0.002971274999997997
netcloudedge2,490.0,0.0
netcloudedge1,490.0,0.0
netcloudcore,490.0,0.0
netcloudgw,490.0,0.0
netcloudgw,490.0,0.0
inter2,490.0,0.002971274999997997
inter1,490.0,0.002971274999997997
internetgw,490.0,0.002971274999997997
edgegw,490.0,0.0
internetedge,490.0,0.002971274999997997
internetcore,490.0,0.002971274999997997
internetgw,490.0,0.0
edgeedge1,495.0,0.015463055555540173
edgecore,495.0,0.004007499999995945
edgegw,495.0,0.004007499999995945
netcloudedge2,495.0,0.0
netcloudedge1,495.0,0.0
netcloudcore,495.0,0.0
netcloudgw,495.0,0.0
netcloudgw,495.0,0.0
inter2,495.0,0.004007499999995945
inter1,495.0,0.004007499999995945
internetgw,495.0,0.004007499999995945
edgegw,495.0,0.0
internetedge,495.0,0.004007499999995945
internetcore,495.0,0.004007499999995945
internetgw,495.0,0.0
edgeedge1,500.0,0.01508327777776275
edgecore,500.0,0.002973183333333018
edgegw,500.0,0.002973183333333018
netcloudedge2,500.0,0.0
netcloudedge1,500.0,0.0
netcloudcore,500.0,0.0
netcloudgw,500.0,0.0
netcloudgw,500.0,0.0
inter2,500.0,0.002973183333333018
inter1,500.0,0.002973183333333018
internetgw,500.0,0.002973183333333018
edgegw,500.0,0.0
internetedge,500.0,0.002973183333333018
internetcore,500.0,0.002973183333333018
internetgw,500.0,0.0
edgeedge1,505.0,0.01203916666665461
edgecore,505.0,0.0030533333333302437
edgegw,505.0,0.0030533333333302437
netcloudedge2,505.0,0.0
netcloudedge1,505.0,0.0
netcloudcore,505.0,0.0
netcloudgw,505.0,0.0
netcloudgw,505.0,0.0
inter2,505.0,0.0030533333333302437
inter1,505.0,0.0030533333333302437
internetgw,505.0,0.0030533333333302437
edgegw,505.0,0.0
internetedge,505.0,0.0030533333333302437
internetcore,505.0,0.0030533333333302437
internetgw,505.0,0.0
edgeedge1,510.0,0.018262411111092502
edgecore,510.0,0.0031334833333285794
edgegw,510.0,0.0031334833333285794
netcloudedge2,510.0,0.0
netcloudedge1,510.0,0.0
netcloudcore,510.0,0.0
netcloudgw,510.0,0.0
netcloudgw,510.0,0.0
inter2,510.0,0.0031334833333285794
inter1,510.0,0.0031334833333285794
internetgw,510.0,0.0031334833333285794
edgegw,510.0,0.0
internetedge,510.0,0.0031334833333285794
internetcore,510.0,0.0031334833333285794
internetgw,510.0,0.0
edgeedge1,515.0,0.014506111111096676
edgecore,515.0,0.0032403499999976715
edgegw,515.0,0.0032403499999976715
netcloudedge2,515.0,0.0
netcloudedge1,515.0,0.0
netcloudcore,515.0,0.0
netcloudgw,515.0,0.0
netcloudgw,515.0,0.0
inter2,515.0,0.0032403499999976715
inter1,515.0,0.0032403499999976715
internetgw,515.0,0.0032403499999976715
edgegw,515.0,0.0
internetedge,515.0,0.0032403499999976715
internetcore,515.0,0.0032403499999976715
internetgw,515.0,0.0
edgeedge1,520.0,0.012979444444431332
edgecore,520.0,0.003244166666663384
edgegw,520.0,0.003244166666663384
netcloudedge2,520.0,0.0
netcloudedge1,520.0,0.0
netcloudcore,520.0,0.0
netcloudgw,520.0,0.0
netcloudgw,520.0,0.0
inter2,520.0,0.003244166666663384
inter1,520.0,0.003244166666663384
internetgw,520.0,0.003244166666663384
edgegw,520.0,0.0
internetedge,520.0,0.003244166666663384
internetcore,520.0,0.003244166666663384
internetgw,520.0,0.0
edgeedge1,525.0,0.014893333333318548
edgecore,525.0,0.0030533333333302437
edgegw,525.0,0.0030533333333302437
netcloudedge2,525.0,0.0
netcloudedge1,525.0,0.0
netcloudcore,525.0,0.0
netcloudgw,525.0,0.0
netcloudgw,525.0,0.0
inter2,525.0,0.0030533333333302437
inter1,525.0,0.0030533333333302437
internetgw,525.0,0.0030533333333302437
edgegw,525.0,0.0
internetedge,525.0,0.0030533333333302437
internetcore,525.0,0.0030533333333302437
internetgw,525.0,0.0
edgeedge1,530.0,0.015084166666651466
edgecore,530.0,0.0038166666666628046
edgegw,530.0,0.0038166666666628046
netcloudedge2,530.0,0.0
netcloudedge1,530.0,0.0
netcloudcore,530.0,0.0
netcloudgw,530.0,0.0
netcloudgw,530.0,0.0
inter2,530.0,0.0038166666666628046
inter1,530.0,0.0038166666666628046
internetgw,530.0,0.0038166666666628046
edgegw,530.0,0.0
internetedge,530.0,0.0038166666666628046
internetcore,530.0,0.0038166666666628046
internetgw,530.0,0.0
edgeedge1,535.0,0.010798219444434487
edgecore,535.0,0.0026716666666639632
edgegw,535.0,0.0026716666666639632
netcloudedge2,535.0,0.0
netcloudedge1,535.0,0.0
netcloudcore,535.0,0.0
netcloudgw,535.0,0.0
netcloudgw,535.0,0.0
inter2,535.0,0.0026716666666639632
inter1,535.0,0.0026716666666639632
internetgw,535.0,0.0026716666666639632
edgegw,535.0,0.0
internetedge,535.0,0.0026716666666639632
internetcore,535.0,0.0026716666666639632
internetgw,535.0,0.0
edgeedge1,540.0,0.012882119444431961
edgecore,540.0,0.0023529749999840477
edgegw,540.0,0.0023529749999840477
netcloudedge2,540.0,0.0
netcloudedge1,540.0,0.0
netcloudcore,540.0,0.0
netcloudgw,540.0,0.0
netcloudgw,540.0,0.0
inter2,540.0,0.0023529749999840477
inter1,540.0,0.0023529749999840477
internetgw,540.0,0.0023529749999840477
edgegw,540.0,0.0
internetedge,540.0,0.0023529749999840477
internetcore,540.0,0.0023529749999840477
internetgw,540.0,0.0
edgeedge1,545.0,0.01890916666664766
edgecore,545.0,0.0036258333333296644
edgegw,545.0,0.0036258333333296644
netcloudedge2,545.0,0.0
netcloudedge1,545.0,0.0
netcloudcore,545.0,0.0
netcloudgw,545.0,0.0
netcloudgw,545.0,0.0
inter2,545.0,0.0036258333333296644
inter1,545.0,0.0036258333333296644
internetgw,545.0,0.0036258333333296644
edgegw,545.0,0.0
internetedge,545.0,0.0036258333333296644
internetcore,545.0,0.0036258333333296644
internetgw,545.0,0.0
edgeedge1,550.0,0.013565833333320176
edgecore,550.0,0.003518966666663792
edgegw,550.0,0.003518966666663792
netcloudedge2,550.0,0.0
netcloudedge1,550.0,0.0
netcloudcore,550.0,0.0
netcloudgw,550.0,0.0
netcloudgw,550.0,0.0
inter2,550.0,0.003518966666663792
inter1,550.0,0.003518966666663792
internetgw,550.0,0.003518966666663792
edgegw,550.0,0.0
internetedge,550.0,0.003518966666663792
internetcore,550.0,0.003518966666663792
internetgw,550.0,0.0
edgeedge1,555.0,0.014129999999985987
edgecore,555.0,0.003434999999996524
edgegw,555.0,0.003434999999996524
netcloudedge2,555.0,0.0
netcloudedge1,555.0,0.0
netcloudcore,555.0,0.0
netcloudgw,555.0,0.0
netcloudgw,555.0,0.0
inter2,555.0,0.003434999999996524
inter1,555.0,0.003434999999996524
internetgw,555.0,0.003434999999996524
edgegw,555.0,0.0
internetedge,555.0,0.003434999999996524
internetcore,555.0,0.003434999999996524
internetgw,555.0,0.0
edgeedge1,560.0,0.01489055555554053
edgecore,560.0,0.0035933916666646692
edgegw,560.0,0.0035933916666646692
netcloudedge2,560.0,0.0
netcloudedge1,560.0,0.0
netcloudcore,560.0,0.0
netcloudgw,560.0,0.0
netcloudgw,560.0,0.0
inter2,560.0,0.0035933916666646692
inter1,560.0,0.0035933916666646692
internetgw,560.0,0.0035933916666646692
edgegw,560.0,0.0
internetedge,560.0,0.0035933916666646692
internetcore,560.0,0.0035933916666646692
internetgw,560.0,0.0
edgeedge1,565.0,0.01642555555553904
edgecore,565.0,0.0036258333333296644
edgegw,565.0,0.0036258333333296644
netcloudedge2,565.0,0.0
netcloudedge1,565.0,0.0
netcloudcore,565.0,0.0
netcloudgw,565.0,0.0
netcloudgw,565.0,0.0
inter2,565.0,0.0036258333333296644
inter1,565.0,0.0036258333333296644
internetgw,565.0,0.0036258333333296644
edgegw,565.0,0.0
internetedge,565.0,0.0036258333333296644
internetcore,565.0,0.0036258333333296644
internetgw,565.0,0.0
edgeedge1,570.0,0.013551944444430752
edgecore,570.0,0.0026716666666639632
edgegw,570.0,0.0026716666666639632
netcloudedge2,570.0,0.0
netcloudedge1,570.0,0.0
netcloudcore,570.0,0.0
netcloudgw,570.0,0.0
netcloudgw,570.0,0.0
inter2,570.0,0.0026716666666639632
inter1,570.0,0.0026716666666639632
internetgw,570.0,0.0026716666666639632
edgegw,570.0,0.0
internetedge,570.0,0.0026716666666639632
internetcore,570.0,0.0026716666666639632
internetgw,570.0,0.0
edgeedge1,575.0,0.014303155555542846
edgecore,575.0,0.002772808333331267
edgegw,575.0,0.002772808333331267
netcloudedge2,575.0,0.0
netcloudedge1,575.0,0.0
netcloudcore,575.0,0.0
netcloudgw,575.0,0.0
netcloudgw,575.0,0.0
inter2,575.0,0.002772808333331267
inter1,575.0,0.002772808333331267
internetgw,575.0,0.002772808333331267
edgegw,575.0,0.0
internetedge,575.0,0.002772808333331267
internetcore,575.0,0.002772808333331267
internetgw,575.0,0.0
edgeedge1,580.0,0.01375111111109728
edgecore,580.0,0.003434999999996524
edgegw,580.0,0.003434999999996524
netcloudedge2,580.0,0.0
netcloudedge1,580.0,0.0
netcloudcore,580.0,0.0
netcloudgw,580.0,0.0
netcloudgw,580.0,0.0
inter2,580.0,0.003434999999996524
inter1,580.0,0.003434999999996524
internetgw,580.0,0.003434999999996524
edgegw,580.0,0.0
internetedge,580.0,0.003434999999996524
internetcore,580.0,0.003434999999996524
internetgw,580.0,0.0
edgeedge1,585.0,0.014578458333319277
edgecore,585.0,0.0031201249999974756
edgegw,585.0,0.0031201249999974756
netcloudedge2,585.0,0.0
netcloudedge1,585.0,0.0
netcloudcore,585.0,0.0
netcloudgw,585.0,0.0
netcloudgw,585.0,0.0
inter2,585.0,0.0031201249999974756
inter1,585.0,0.0031201249999974756
internetgw,585.0,0.0031201249999974756
edgegw,585.0,0.0
internetedge,585.0,0.0031201249999974756
internetcore,585.0,0.0031201249999974756
internetgw,585.0,0.0
edgeedge1,590.0,0.014702499999985186
edgecore,590.0,0.003015166666664515
edgegw,590.0,0.003015166666664515
netcloudedge2,590.0,0.0
netcloudedge1,590.0,0.0
netcloudcore,590.0,0.0
netcloudgw,590.0,0.0
netcloudgw,590.0,0.0
inter2,590.0,0.003015166666664515
inter1,590.0,0.003015166666664515
internetgw,590.0,0.003015166666664515
edgegw,590.0,0.0
internetedge,590.0,0.003015166666664515
internetcore,590.0,0.003015166666664515
internetgw,590.0,0.0
edgeedge1,595.0,0.015078611111095874
edgecore,595.0,0.003423549999995057
edgegw,595.0,0.003423549999995057
netcloudedge2,595.0,0.0
netcloudedge1,595.0,0.0
netcloudcore,595.0,0.0
netcloudgw,595.0,0.0
netcloudgw,595.0,0.0
inter2,595.0,0.003423549999995057
inter1,595.0,0.003423549999995057
internetgw,595.0,0.003423549999995057
edgegw,595.0,0.0
internetedge,595.0,0.003423549999995057
internetcore,595.0,0.003423549999995057
internetgw,595.0,0.0
edgeedge1,600.0,0.013557499999986566
edgecore,600.0,0.003244166666663384
edgegw,600.0,0.003244166666663384
netcloudedge2,600.0,0.0
netcloudedge1,600.0,0.0
netcloudcore,600.0,0.0
netcloudgw,600.0,0.0
netcloudgw,600.0,0.0
inter2,600.0,0.003244166666663384
inter1,600.0,0.003244166666663384
internetgw,600.0,0.003244166666663384
edgegw,600.0,0.0
internetedge,600.0,0.003244166666663384
internetcore,600.0,0.003244166666663384
internetgw,600.0,0.0
edgeedge1,605.0,0.0030561111111080397
edgecore,605.0,7.633333333325609E-4
edgegw,605.0,7.633333333325609E-4
netcloudedge2,605.0,0.0
netcloudedge1,605.0,0.0
netcloudcore,605.0,0.0
netcloudgw,605.0,0.0
netcloudgw,605.0,0.0
inter2,605.0,7.633333333325609E-4
inter1,605.0,7.633333333325609E-4
internetgw,605.0,7.633333333325609E-4
edgegw,605.0,0.0
internetedge,605.0,7.633333333325609E-4
internetcore,605.0,7.633333333325609E-4
internetgw,605.0,0.0
edgeedge1,610.0,0.0
edgecore,610.0,0.0
edgegw,610.0,0.0
netcloudedge2,610.0,0.0
netcloudedge1,610.0,0.0
netcloudcore,610.0,0.0
netcloudgw,610.0,0.0
netcloudgw,610.0,0.0
inter2,610.0,0.0
inter1,610.0,0.0
internetgw,610.0,0.0
edgegw,610.0,0.0
internetedge,610.0,0.0
internetcore,610.0,0.0
internetgw,610.0,0.0
edgeedge1,615.0,0.0
edgecore,615.0,0.0
edgegw,615.0,0.0
netcloudedge2,615.0,0.0
netcloudedge1,615.0,0.0
netcloudcore,615.0,0.0
netcloudgw,615.0,0.0
netcloudgw,615.0,0.0
inter2,615.0,0.0
inter1,615.0,0.0
internetgw,615.0,0.0
edgegw,615.0,0.0
internetedge,615.0,0.0
internetcore,615.0,0.0
internetgw,615.0,0.0
edgeedge1,620.0,0.0
edgecore,620.0,0.0
edgegw,620.0,0.0
netcloudedge2,620.0,0.0
netcloudedge1,620.0,0.0
netcloudcore,620.0,0.0
netcloudgw,620.0,0.0
netcloudgw,620.0,0.0
inter2,620.0,0.0
inter1,620.0,0.0
internetgw,620.0,0.0
edgegw,620.0,0.0
internetedge,620.0,0.0
internetcore,620.0,0.0
internetgw,620.0,0.0
