user1,5.0,0.3517720452074104
user2,5.0,0.31092208063217236
vnf1,5.0,0.9956993415932828
vnf2,5.0,0.9528158689330329
webserver,5.0,0.05820673422358928
webserver2,5.0,0.0050514522425197245
user1,10.0,0.32780349833903766
user2,10.0,0.16801731242764384
vnf1,10.0,1.0256515226759697
vnf2,10.0,1.0256515226759697
webserver,10.0,0.02047787535478063
webserver2,10.0,0.01195063696720389
user1,15.0,0.5428671715088564
user2,15.0,0.5050080218787636
vnf1,15.0,1.0195806806431915
vnf2,15.0,1.0195806806431915
webserver,15.0,0.03179624385456001
webserver2,15.0,0.048480832116331994
user1,20.0,0.3746406632324857
user2,20.0,0.9586165209129298
vnf1,20.0,0.7653119134322292
vnf2,20.0,1.0148953287949605
vnf1-dup6,20.0,0.23438252585341365
vnf2-dup7,20.0,0.23310240552208836
webserver,20.0,0.10034764740014505
webserver2,20.0,0.13904409322712152
user1,25.0,0.33637640113362766
user2,25.0,0.5519358032096289
vnf1,25.0,0.6263435305211925
vnf2,25.0,1.0151490403569257
vnf1-dup6,25.0,1.014326224721378
vnf2-dup7,25.0,1.014326224721378
vnf1-dup8,25.0,0.16764151973078
vnf2-dup9,25.0,0.1740675443291535
webserver,25.0,0.027876786690678973
webserver2,25.0,0.18415437823134356
user1,30.0,0.2710997162746281
user2,30.0,0.13424134130773485
vnf1,30.0,0.9176111988624822
vnf2,30.0,1.0142189569368272
vnf1-dup6,30.0,0.8860361142683175
vnf2-dup7,30.0,1.0133955607874974
vnf1-dup8,30.0,0.6510154781821839
vnf2-dup9,30.0,0.6808365119646089
vnf2-dup10,30.0,0.08104121404972467
webserver,30.0,0.23296474980611914
webserver2,30.0,0.15994546223700998
user1,35.0,0.8734714268445604
user2,35.0,0.2963286151569866
vnf1,35.0,1.0183038259101078
vnf2,35.0,1.0183038259101078
vnf1-dup6,35.0,0.7829402057747051
vnf2-dup7,35.0,0.7947336177307849
vnf1-dup8,35.0,0.8011698204921339
vnf2-dup9,35.0,0.7961879731746673
vnf2-dup10,35.0,0.7241024546187979
webserver,35.0,0.21045599390754988
webserver2,35.0,0.10545568187902671
user1,40.0,1.0054293079630001
user2,40.0,0.3246166953199618
vnf1,40.0,1.020824806043283
vnf2,40.0,1.020824806043283
vnf1-dup6,40.0,0.7421740745811197
vnf2-dup7,40.0,0.7874744423784226
vnf1-dup8,40.0,0.6845076036548223
vnf2-dup9,40.0,0.6127715636548223
vnf2-dup10,40.0,0.5784162351269035
vnf1-dup11,40.0,0.08349655466499688
vnf2-dup12,40.0,0.07669379972448341
webserver,40.0,0.15359993868715432
webserver2,40.0,0.20849620656172577
user1,45.0,0.5185922518853695
user2,45.0,0.27695863741896576
vnf1,45.0,1.000653441903206
vnf2,45.0,1.0210332660812742
vnf1-dup6,45.0,0.7380514544526144
vnf2-dup7,45.0,0.8714256364379085
vnf1-dup8,45.0,0.7552147079754601
vnf2-dup9,45.0,0.9283844382413088
vnf2-dup10,45.0,0.9175868930470348
vnf1-dup11,45.0,0.7996727840490797
vnf2-dup12,45.0,0.766441700204499
webserver,45.0,0.26430028365270286
webserver2,45.0,0.18456011906579722
user1,50.0,0.4621639228604452
user2,50.0,0.20192935517258703
vnf1,50.0,0.5820497041564792
vnf2,50.0,0.6691116436430318
vnf1-dup6,50.0,0.5808436822906052
vnf2-dup7,50.0,0.5604442541267577
vnf1-dup8,50.0,0.5995343113990687
vnf2-dup9,50.0,0.5346426339339947
vnf2-dup10,50.0,0.5415873593844908
vnf1-dup11,50.0,0.5741243105891881
vnf2-dup12,50.0,0.59309576108524
webserver,50.0,0.13823363666845997
webserver2,50.0,0.054845045529045254
user1,55.0,0.46174725530310645
user2,55.0,0.15009548487285154
vnf1,55.0,0.6620506419526144
vnf2,55.0,0.7184231881127451
vnf1-dup6,55.0,0.6629364774351644
vnf2-dup7,55.0,0.6963446877680213
vnf1-dup8,55.0,0.6670873085691025
vnf2-dup9,55.0,0.6971096985548545
vnf2-dup10,55.0,0.7202930879299816
vnf1-dup11,55.0,0.6699165375534297
vnf2-dup12,55.0,0.7112151314878892
webserver,55.0,0.15788301376290273
webserver2,55.0,0.17700093689083515
user1,60.0,0.36545417634646304
user2,60.0,0.4556253404854027
vnf1,60.0,0.6036448682549379
vnf2,60.0,0.6063530745265729
vnf1-dup6,60.0,0.6555102754125076
vnf2-dup7,60.0,0.5960888072927276
vnf1-dup8,60.0,0.6067260854943274
vnf2-dup9,60.0,0.5961507212317666
vnf2-dup10,60.0,0.5796596363452188
vnf1-dup11,60.0,0.61784845178282
vnf2-dup12,60.0,0.5730956170988655
webserver,60.0,0.07071339896743148
webserver2,60.0,0.2020626294407338
user1,65.0,0.2310353467089053
user2,65.0,0.4104394992457005
vnf1,65.0,0.7336125711074786
vnf2,65.0,0.6921740749897834
vnf1-dup6,65.0,0.6762964328297264
vnf2-dup7,65.0,0.7328501282155981
vnf1-dup8,65.0,0.7062334925888325
vnf2-dup9,65.0,0.700345167106599
vnf2-dup10,65.0,0.6729543049746193
vnf1-dup11,65.0,0.6737258773604061
vnf2-dup12,65.0,0.7040405987817259
webserver,65.0,0.14993380006744775
webserver2,65.0,0.204056854175514
user1,70.0,0.29576079591631965
user2,70.0,0.25735640561825934
vnf1,70.0,0.5735061689284991
vnf2,70.0,0.6306258760380798
vnf1-dup6,70.0,0.637454461756374
vnf2-dup7,70.0,0.6182921806960745
vnf1-dup8,70.0,0.6254292003635629
vnf2-dup9,70.0,0.6297919551605736
vnf2-dup10,70.0,0.6578872882246011
vnf1-dup11,70.0,0.6136336023025651
vnf2-dup12,70.0,0.6028479028479095
webserver,70.0,0.081076212440742
webserver2,70.0,0.10423405431098103
user1,75.0,0.6058109145925331
user2,75.0,0.6454755164526484
vnf1,75.0,0.7029364023896314
vnf2,75.0,0.7078979240583233
vnf1-dup6,75.0,0.664424625
vnf2-dup7,75.0,0.6504659534035657
vnf1-dup8,75.0,0.6258638035966863
vnf2-dup9,75.0,0.6485754621135583
vnf2-dup10,75.0,0.659486757728834
vnf1-dup11,75.0,0.6322893441099212
vnf2-dup12,75.0,0.6570822309557486
webserver,75.0,0.0769540577493152
webserver2,75.0,0.0493489595617206
user1,80.0,0.8399014719010757
user2,80.0,0.5402824511232849
vnf1,80.0,0.7253546716659911
vnf2,80.0,0.6940616033644103
vnf1-dup6,80.0,0.710458036076206
vnf2-dup7,80.0,0.7223550770166194
vnf1-dup8,80.0,0.7021651084581141
vnf2-dup9,80.0,0.7213678603804128
vnf2-dup10,80.0,0.7122015303520842
vnf1-dup11,80.0,0.7419263381222176
vnf2-dup12,80.0,0.7111493249696479
webserver,80.0,0.07575363317739475
webserver2,80.0,0.1469416846496385
user1,85.0,0.7467682080368775
user2,85.0,0.22758378668403387
vnf1,85.0,0.5856161533333333
vnf2,85.0,0.5845050418181819
vnf1-dup6,85.0,0.5782626187878788
vnf2-dup7,85.0,0.5693939313131313
vnf1-dup8,85.0,0.5546223510574019
vnf2-dup9,85.0,0.5529506489425982
vnf2-dup10,85.0,0.555266863041289
vnf1-dup11,85.0,0.5585297035246727
vnf2-dup12,85.0,0.5678549794561933
webserver,85.0,0.1392088802546015
webserver2,85.0,0.1680570339051008
user1,90.0,0.41218080178598304
user2,90.0,0.7186756904941058
vnf1,90.0,0.7361555491188981
vnf2,90.0,0.6712375839578691
vnf1-dup6,90.0,0.7416683433893501
vnf2-dup7,90.0,0.736566095565904
vnf1-dup8,90.0,0.72281660668693
vnf2-dup9,90.0,0.6516717240121581
vnf2-dup10,90.0,0.6833231933130699
vnf1-dup11,90.0,0.6966565260385005
vnf2-dup12,90.0,0.6511448741641337
webserver,90.0,0.18506180433262578
webserver2,90.0,0.21676613685853416
user1,95.0,0.6245946842844953
user2,95.0,0.18008131931127955
vnf1,95.0,0.7110840820668692
vnf2,95.0,0.7286119440729483
vnf1-dup6,95.0,0.7064502922920892
vnf2-dup7,95.0,0.6664502926977688
vnf1-dup8,95.0,0.7351739383090614
vnf2-dup9,95.0,0.7364279832119741
vnf2-dup10,95.0,0.7049757176375404
vnf1-dup11,95.0,0.7089603462783172
vnf2-dup12,95.0,0.7489279830097086
webserver,95.0,0.210039024290789
webserver2,95.0,0.16719617646470206
user1,100.0,0.7718420193950357
user2,100.0,0.2228261395489024
vnf1,100.0,0.6065085062854826
vnf2,100.0,0.63702351054339
vnf1-dup6,100.0,0.6237380818974254
vnf2-dup7,100.0,0.6441718937766066
vnf1-dup8,100.0,0.632059054409385
vnf2-dup9,100.0,0.6602143930016181
vnf2-dup10,100.0,0.6656957837783172
vnf1-dup11,100.0,0.6711164971682848
vnf2-dup12,100.0,0.6662216749595469
webserver,100.0,0.1188532682585148
webserver2,100.0,0.04893619648776095
user1,105.0,0.390686712481203
user2,105.0,0.5262957346365915
vnf1,105.0,0.7084361606311956
vnf2,105.0,0.7105806065142626
vnf1-dup6,105.0,0.707893126695001
vnf2-dup7,105.0,0.7385346968225056
vnf1-dup8,105.0,0.6760913431689571
vnf2-dup9,105.0,0.6935327320129345
vnf2-dup10,105.0,0.6780517297898141
vnf1-dup11,105.0,0.6551333791430881
vnf2-dup12,105.0,0.6575586016572353
webserver,105.0,0.173752485144923
webserver2,105.0,0.235642175521335
user1,110.0,0.4828741991570074
user2,110.0,0.7398153663957455
vnf1,110.0,0.6986836668691778
vnf2,110.0,0.7062170820170109
vnf1-dup6,110.0,0.7078760767361814
vnf2-dup7,110.0,0.6835999084834987
vnf1-dup8,110.0,0.7034622310184248
vnf2-dup9,110.0,0.6716136784774246
vnf2-dup10,110.0,0.6892285796719984
vnf1-dup11,110.0,0.7399271018424782
vnf2-dup12,110.0,0.6969831862725248
webserver,110.0,0.19463908127681395
webserver2,110.0,0.0774568782974146
user1,115.0,0.45874723114820026
user2,115.0,0.6921499594934165
vnf1,115.0,0.6944410527490363
vnf2,115.0,0.6859606309596268
vnf1-dup6,115.0,0.7282467418831169
vnf2-dup7,115.0,0.6863230420048702
vnf1-dup8,115.0,0.7214271194663432
vnf2-dup9,115.0,0.69979784798868
vnf2-dup10,115.0,0.6837072892662219
vnf1-dup11,115.0,0.7018799185364868
vnf2-dup12,115.0,0.6862745021224985
webserver,115.0,0.07180417218692149
webserver2,115.0,0.2014759580352229
user1,120.0,0.22307499393817945
user2,120.0,0.30520775570146863
vnf1,120.0,0.6924042817500506
vnf2,120.0,0.6697589517925866
vnf1-dup6,120.0,0.6642235160963758
vnf2-dup7,120.0,0.7134035114395627
vnf1-dup8,120.0,0.6534653394625176
vnf2-dup9,120.0,0.7058597615679936
vnf2-dup10,120.0,0.709698919781774
vnf1-dup11,120.0,0.632996558496666
vnf2-dup12,120.0,0.7271569929278642
webserver,120.0,0.14652174929334366
webserver2,120.0,0.11123646035220251
user1,125.0,0.35038385930051685
user2,125.0,0.2577162325908087
vnf1,125.0,0.6490279351964358
vnf2,125.0,0.626549200891049
vnf1-dup6,125.0,0.6198013666396434
vnf2-dup7,125.0,0.5993311621402514
vnf1-dup8,125.0,0.6239108336372847
vnf2-dup9,125.0,0.6088348457953394
vnf2-dup10,125.0,0.607821673556231
vnf1-dup11,125.0,0.6323201540020263
vnf2-dup12,125.0,0.571793305775076
webserver,125.0,0.06593205882279368
webserver2,125.0,0.06650490240394237
user1,130.0,0.5265531570488674
user2,130.0,0.6649020535911602
vnf1,130.0,0.5036886813944061
vnf2,130.0,0.5522294175111471
vnf1-dup6,130.0,0.5292494817444219
vnf2-dup7,130.0,0.6319878188640974
vnf1-dup8,130.0,0.5919507698204559
vnf2-dup9,130.0,0.6108129850716159
vnf2-dup10,130.0,0.6076053978212629
vnf1-dup11,130.0,0.5828323504135565
vnf2-dup12,130.0,0.6059511726850917
webserver,130.0,0.10153607456469528
webserver2,130.0,0.1313869699164415
user1,135.0,1.0053234126155082
user2,135.0,0.8013762532020694
vnf1,135.0,0.6952701176350663
vnf2,135.0,0.7005504442405709
vnf1-dup6,135.0,0.71080748817292
vnf2-dup7,135.0,0.6462275554649266
vnf1-dup8,135.0,0.6552411835945451
vnf2-dup9,135.0,0.6092204233665784
vnf2-dup10,135.0,0.6015265501730104
vnf1-dup11,135.0,0.667697931202931
vnf2-dup12,135.0,0.62760023183391
webserver,135.0,0.03965622880518408
webserver2,135.0,0.22989604139509864
user1,140.0,0.9888296691132114
user2,140.0,0.38636637311482
vnf1,140.0,0.7105757284605961
vnf2,140.0,0.7454266876276031
vnf1-dup6,140.0,0.7014903866884443
vnf2-dup7,140.0,0.7028582939975501
vnf1-dup8,140.0,0.6963936265281173
vnf2-dup9,140.0,0.6712510036674817
vnf2-dup10,140.0,0.7136511674816626
vnf1-dup11,140.0,0.6919926495517522
vnf2-dup12,140.0,0.692909521597392
webserver,140.0,0.09599559379066974
webserver2,140.0,0.2602237439683652
user1,145.0,0.790295647224457
user2,145.0,0.7891369859183263
vnf1,145.0,0.7836905313329251
vnf2,145.0,0.7255358079199836
vnf1-dup6,145.0,0.8016128844426297
vnf2-dup7,145.0,0.7319722170273582
vnf1-dup8,145.0,0.7296649595939086
vnf2-dup9,145.0,0.7638781585786802
vnf2-dup10,145.0,0.7138273977664975
vnf1-dup11,145.0,0.7257055695431472
vnf2-dup12,145.0,0.7191471947208121
webserver,145.0,0.12895540174683418
webserver2,145.0,0.1422168261549627
user1,150.0,0.29759477509415017
user2,150.0,0.3281309600281209
vnf1,150.0,0.5718235316121163
vnf2,150.0,0.5657857188452937
vnf1-dup6,150.0,0.5711120048790405
vnf2-dup7,150.0,0.5951209508030088
vnf1-dup8,150.0,0.5585173086894876
vnf2-dup9,150.0,0.5642495357504557
vnf2-dup10,150.0,0.5668827146040105
vnf1-dup11,150.0,0.5738505077982581
vnf2-dup12,150.0,0.6120721000607656
webserver,150.0,0.2380019500487878
webserver2,150.0,0.0809252165052916
user1,155.0,0.27932073608319935
user2,155.0,0.39344854823151126
vnf1,155.0,0.6326954267100977
vnf2,155.0,0.616592009364821
vnf1-dup6,155.0,0.6497148539714868
vnf2-dup7,155.0,0.6539918411405294
vnf1-dup8,155.0,0.6284817704453441
vnf2-dup9,155.0,0.6465182101214575
vnf2-dup10,155.0,0.6608501921052631
vnf1-dup11,155.0,0.5989473585020243
vnf2-dup12,155.0,0.6059918937246963
webserver,155.0,0.09449053284032183
webserver2,155.0,0.19833076655780374
user1,160.0,0.3284218956320451
user2,160.0,0.32154356535520223
vnf1,160.0,0.7699877078559738
vnf2,160.0,0.7756751059738134
vnf1-dup6,160.0,0.7584577457557783
vnf2-dup7,160.0,0.7013295003068112
vnf1-dup8,160.0,0.7260056757415685
vnf2-dup9,160.0,0.6968508604225925
vnf2-dup10,160.0,0.7134091696464852
vnf1-dup11,160.0,0.7538805229581471
vnf2-dup12,160.0,0.7105444800893946
webserver,160.0,0.09703051959005418
webserver2,160.0,0.05265726416227648
user1,165.0,0.49466484904711616
user2,165.0,0.3663950863508349
vnf1,165.0,0.7357011103377686
vnf2,165.0,0.7835209639713407
vnf1-dup6,165.0,0.7565867449293178
vnf2-dup7,165.0,0.8319196672812949
vnf1-dup8,165.0,0.77067345
vnf2-dup9,165.0,0.8128979397959184
vnf2-dup10,165.0,0.767734676734694
vnf1-dup11,165.0,0.7725101851020407
vnf2-dup12,165.0,0.7796326342857143
webserver,165.0,0.14012215694152397
webserver2,165.0,0.11524231353259236
user1,170.0,0.9710399445392491
user2,170.0,0.30282128177710843
vnf1,170.0,0.3829070168493707
vnf2,170.0,0.35641493483556635
vnf1-dup6,170.0,0.39109171469155846
vnf2-dup7,170.0,0.3885957729301948
vnf1-dup8,170.0,0.3962515084643289
vnf2-dup9,170.0,0.379604994961709
vnf2-dup10,170.0,0.39987907638049175
vnf1-dup11,170.0,0.38067311124546555
vnf2-dup12,170.0,0.40407093510681175
webserver,170.0,0.03738086273921201
webserver2,170.0,0.12581363269543464
user1,175.0,0.409706676141518
user2,175.0,0.4504761357887842
vnf1,175.0,1.0245638980094398
vnf2,175.0,1.0245638980094398
vnf1-dup6,175.0,1.024143564102564
vnf2-dup7,175.0,0.8721025413333333
vnf1-dup8,175.0,1.0119448229568038
vnf2-dup9,175.0,0.9120056645710809
vnf2-dup10,175.0,0.9279050758466842
vnf1-dup11,175.0,0.09864124721151896
vnf2-dup12,175.0,0.0
webserver,175.0,0.11581278797397071
webserver2,175.0,0.07984983012138656
user1,180.0,0.2601941706323256
user2,180.0,0.38092554738430584
vnf1,180.0,1.005281449948823
vnf2,180.0,1.023868961924258
vnf1-dup6,180.0,0.9825347835790336
vnf2-dup7,180.0,0.9523546048321049
vnf1-dup8,180.0,0.9436690817152104
vnf2-dup9,180.0,0.9051173021844661
vnf2-dup10,180.0,0.8960962671925566
vnf1-dup11,180.0,0.0
vnf2-dup12,180.0,0.0
webserver,180.0,0.16573602310127772
webserver2,180.0,0.3785505977299178
user1,185.0,0.19276962894155453
user2,185.0,0.12939049899588312
vnf1,185.0,0.8034862207951071
vnf2,185.0,0.7935779639143731
vnf1-dup6,185.0,0.8073379364044028
vnf2-dup7,185.0,0.8243782943334692
vnf1-dup8,185.0,0.7906496575591986
vnf2-dup9,185.0,0.7744788405181137
vnf2-dup10,185.0,0.7661202086622141
vnf1-dup11,185.0,0.0
vnf2-dup12,185.0,0.0
webserver,185.0,0.193283785851913
webserver2,185.0,0.28203588090233467
user1,190.0,0.1693614850678733
user2,190.0,0.3166230851769911
vnf1,190.0,0.7238007593386405
vnf2,190.0,0.6717697348438457
vnf1-dup6,190.0,0.7231161772513784
vnf2-dup7,190.0,0.64535428588932
vnf1-dup8,190.0,0.7021611720864471
vnf2-dup9,190.0,0.6622702411634013
vnf2-dup10,190.0,0.6482730700868511
vnf1-dup11,190.0,0.0
vnf2-dup12,190.0,0.0
webserver,190.0,0.06093591632788362
webserver2,190.0,0.17052149541548353
user1,195.0,0.3916419669998493
user2,195.0,1.0009141960518384
vnf1,195.0,0.7278060562232633
vnf2,195.0,0.6320635461397432
vnf1-dup6,195.0,0.6957442345754429
vnf2-dup7,195.0,0.6324577363062512
vnf1-dup8,195.0,0.6781067399798589
vnf2-dup9,195.0,0.6495871037260826
vnf2-dup10,195.0,0.6156092586102718
vnf1-dup11,195.0,0.0
vnf2-dup12,195.0,0.0
webserver,195.0,0.11260085722863683
webserver2,195.0,0.1077696735510827
user1,200.0,0.7326973224543081
user2,200.0,1.004167285936637
vnf1,200.0,0.5959154539727698
vnf2,200.0,0.5339971477342004
vnf1-dup6,200.0,0.5834959239837398
vnf2-dup7,200.0,0.6295934851626016
vnf1-dup8,200.0,0.6134421543732366
vnf2-dup9,200.0,0.5577992700523982
vnf2-dup10,200.0,0.5878476370415155
vnf1-dup11,200.0,0.0
vnf2-dup12,200.0,0.0
webserver,200.0,0.09881716711101098
webserver2,200.0,0.04034395969609352
user1,205.0,0.41993358170658085
user2,205.0,1.0062892954968554
vnf1,205.0,0.975527316199058
vnf2,205.0,0.9124718189637517
vnf1-dup6,205.0,1.0102007130274477
vnf2-dup7,205.0,0.844530910077837
vnf1-dup8,205.0,0.9537156573101777
vnf2-dup9,205.0,0.8355007960420032
vnf2-dup10,205.0,0.8891962732229403
vnf1-dup11,205.0,0.0
vnf2-dup12,205.0,0.0
webserver,205.0,0.11993647011155019
webserver2,205.0,0.11558951369366215
user1,210.0,0.36122407368632975
user2,210.0,0.8762556501258179
vnf1,210.0,1.0082000567855678
vnf2,210.0,0.9109880875358753
vnf1-dup6,210.0,0.9952644276342764
vnf2-dup7,210.0,0.9238212156621566
vnf1-dup8,210.0,0.9973214131493506
vnf2-dup9,210.0,0.9425730373376623
vnf2-dup10,210.0,0.9260551808035715
vnf1-dup11,210.0,0.0
vnf2-dup12,210.0,0.0
webserver,210.0,0.05944146894549822
webserver2,210.0,0.13369701087282918
user1,215.0,0.8532649050206258
user2,215.0,0.5826808817047399
vnf1,215.0,1.0231225463474525
vnf2,215.0,0.967444217720483
vnf1-dup6,215.0,1.0231225463474525
vnf2-dup7,215.0,0.9630447902598731
vnf1-dup8,215.0,1.0146281840715157
vnf2-dup9,215.0,0.9341527694026819
vnf2-dup10,215.0,0.9416497230800488
vnf1-dup11,215.0,0.0
vnf2-dup12,215.0,0.0
webserver,215.0,0.09222818581778595
webserver2,215.0,0.08338401012300262
user1,220.0,0.33123836859570616
user2,220.0,0.44101944839893426
vnf1,220.0,1.0216591524315488
vnf2,220.0,0.9613608287699223
vnf1-dup6,220.0,1.0216591524315488
vnf2-dup7,220.0,0.9739272370249284
vnf1-dup8,220.0,1.0123634008498583
vnf2-dup9,220.0,0.9272966270740591
vnf2-dup10,220.0,0.9431808844597329
vnf1-dup11,220.0,0.0
vnf2-dup12,220.0,0.0
webserver,220.0,0.08227358522819707
webserver2,220.0,0.15382747733046342
user1,225.0,0.25029404016084444
user2,225.0,0.7458044338257461
vnf1,225.0,1.0195758362561174
vnf2,225.0,0.9686174367862969
vnf1-dup6,225.0,1.019160192417448
vnf2-dup7,225.0,0.9490012046473706
vnf1-dup8,225.0,0.9826174892625608
vnf2-dup9,225.0,0.9171596288492706
vnf2-dup10,225.0,0.926418137560778
vnf1-dup11,225.0,0.0
vnf2-dup12,225.0,0.0
webserver,225.0,0.13763577968413676
webserver2,225.0,0.14677879405065827
user1,230.0,0.2772145469616043
user2,230.0,0.5220357695137314
vnf1,230.0,0.9757394987674609
vnf2,230.0,0.9358257773212818
vnf1-dup6,230.0,0.9720180416752207
vnf2-dup7,230.0,0.929213689386163
vnf1-dup8,230.0,0.909164461865264
vnf2-dup9,230.0,0.8955290188144852
vnf2-dup10,230.0,0.8640703906534494
vnf1-dup11,230.0,0.0
vnf2-dup12,230.0,0.0
webserver,230.0,0.1600520543834622
webserver2,230.0,0.08928097597417224
user1,235.0,0.3976567556192488
user2,235.0,0.45125961195756026
vnf1,235.0,0.8076985752501532
vnf2,235.0,0.7350622685317542
vnf1-dup6,235.0,0.8336261325842697
vnf2-dup7,235.0,0.7624718941777324
vnf1-dup8,235.0,0.8061261522442377
vnf2-dup9,235.0,0.765588343509907
vnf2-dup10,235.0,0.7359280131419329
vnf1-dup11,235.0,0.0
vnf2-dup12,235.0,0.0
webserver,235.0,0.18293085602212156
webserver2,235.0,0.09556567553364531
user1,240.0,0.9256560687440414
user2,240.0,0.35230637544546506
vnf1,240.0,0.8646087830073349
vnf2,240.0,0.7982884922575387
vnf1-dup6,240.0,0.8924551188825448
vnf2-dup7,240.0,0.8039967198205547
vnf1-dup8,240.0,0.880275403199676
vnf2-dup9,240.0,0.7783920516403402
vnf2-dup10,240.0,0.8227014874443094
vnf1-dup11,240.0,0.0
vnf2-dup12,240.0,0.0
webserver,240.0,0.08909463915719934
webserver2,240.0,0.1985786479405435
user1,245.0,0.5748904153861655
user2,245.0,0.7078907485135544
vnf1,245.0,0.975569206974359
vnf2,245.0,0.9889025403076922
vnf1-dup6,245.0,0.9587981718621821
vnf2-dup7,245.0,0.9575266384331419
vnf1-dup8,245.0,0.9340788788125254
vnf2-dup9,245.0,0.9482309729564864
vnf2-dup10,245.0,0.9390199109394063
vnf1-dup11,245.0,0.0
vnf2-dup12,245.0,0.0
webserver,245.0,0.15383517754833867
webserver2,245.0,0.07460609383643077
user1,250.0,0.378752255575648
user2,250.0,0.29141593826912454
vnf1,250.0,0.8345080299449991
vnf2,250.0,0.7693827524954165
vnf1-dup6,250.0,0.8326339205540844
vnf2-dup7,250.0,0.8058667590140558
vnf1-dup8,250.0,0.8025785570104754
vnf2-dup9,250.0,0.7672240046333602
vnf2-dup10,250.0,0.7585414899274778
vnf1-dup11,250.0,0.0
vnf2-dup12,250.0,0.0
webserver,250.0,0.2538275787346903
webserver2,250.0,0.16191810518809505
user1,255.0,0.608075930540907
user2,255.0,0.8431799827239855
vnf1,255.0,0.7914343678535096
vnf2,255.0,0.6914343721261444
vnf1-dup6,255.0,0.7743031383519837
vnf2-dup7,255.0,0.7186978502543234
vnf1-dup8,255.0,0.7983037061793216
vnf2-dup9,255.0,0.7440629955573506
vnf2-dup10,255.0,0.7614095216074314
vnf1-dup11,255.0,0.0
vnf2-dup12,255.0,0.0
webserver,255.0,0.18288337728626114
webserver2,255.0,0.06904696319463557
user1,260.0,0.36714630307909035
user2,260.0,0.8972483429749988
vnf1,260.0,0.7918808472052223
vnf2,260.0,0.7134638784169727
vnf1-dup6,260.0,0.8291105489596083
vnf2-dup7,260.0,0.684088113627091
vnf1-dup8,260.0,0.7696294677060134
vnf2-dup9,260.0,0.6990078864142538
vnf2-dup10,260.0,0.696254292366876
vnf1-dup11,260.0,0.0
vnf2-dup12,260.0,0.0
webserver,260.0,0.15400510834335235
webserver2,260.0,0.13378168393698026
user1,265.0,0.40063357444561776
user2,265.0,0.2656006387589883
vnf1,265.0,1.0234608046635303
vnf2,265.0,0.9688484113315607
vnf1-dup6,265.0,1.023879654389196
vnf2-dup7,265.0,0.9298751546961327
vnf1-dup8,265.0,1.0152284089340102
vnf2-dup9,265.0,0.9374009997969543
vnf2-dup10,265.0,0.9269441468020305
vnf1-dup11,265.0,0.0
vnf2-dup12,265.0,0.0
webserver,265.0,0.037256690777712494
webserver2,265.0,0.267600102249003
user1,270.0,0.28403783786231884
user2,270.0,0.3563072530454042
vnf1,270.0,1.025220395530039
vnf2,270.0,0.9802542286241542
vnf1-dup6,270.0,1.0254306544298606
vnf2-dup7,270.0,0.9675553478260869
vnf1-dup8,270.0,1.013581983782688
vnf2-dup9,270.0,0.9506182712345428
vnf2-dup10,270.0,0.9604702892763024
vnf1-dup11,270.0,0.0
vnf2-dup12,270.0,0.0
webserver,270.0,0.259712695905701
webserver2,270.0,0.21226037131488062
user1,275.0,0.18210096838979212
user2,275.0,0.6017211790135883
vnf1,275.0,1.0243802237246467
vnf2,275.0,0.9816840561360377
vnf1-dup6,275.0,1.0168271926624308
vnf2-dup7,275.0,1.0079729194507072
vnf1-dup8,275.0,1.0089010391321978
vnf2-dup9,275.0,0.9404501078669911
vnf2-dup10,275.0,0.9190389160583942
vnf1-dup11,275.0,0.0
vnf2-dup12,275.0,0.0
webserver,275.0,0.09068562308192946
webserver2,275.0,0.14856942439109863
user1,280.0,0.3878128558694667
user2,280.0,0.2305282721458428
vnf1,280.0,1.026787153040263
vnf2,280.0,0.9385989882908792
vnf1-dup6,280.0,1.026787153245686
vnf2-dup7,280.0,0.9678101622843057
vnf1-dup8,280.0,1.0089078535692495
vnf2-dup9,280.0,0.9219239221069758
vnf2-dup10,280.0,0.9600569298352654
vnf1-dup11,280.0,0.0
vnf2-dup12,280.0,0.0
webserver,280.0,0.17147228284424382
webserver2,280.0,0.25702282148231753
user1,285.0,0.3422646206879237
user2,285.0,0.8635760836263184
vnf1,285.0,0.7682123093349603
vnf2,285.0,0.7404514820012202
vnf1-dup6,285.0,0.7516469957299715
vnf2-dup7,285.0,0.7373729019926799
vnf1-dup8,285.0,0.7358034548932743
vnf2-dup9,285.0,0.715163100886025
vnf2-dup10,285.0,0.6895489252919855
vnf1-dup11,285.0,0.0
vnf2-dup12,285.0,0.0
webserver,285.0,0.1449845772885631
webserver2,285.0,0.036017631320005496
user1,290.0,0.37425911391194966
user2,290.0,0.4611784768278569
vnf1,290.0,1.0236233117707267
vnf2,290.0,0.925465689457523
vnf1-dup6,290.0,1.0234138104789194
vnf2-dup7,290.0,0.91504295742939
vnf1-dup8,290.0,1.013171210739615
vnf2-dup9,290.0,0.9292806342451874
vnf2-dup10,290.0,0.9689361564336373
vnf1-dup11,290.0,0.0
vnf2-dup12,290.0,0.0
webserver,290.0,0.11067871150958505
webserver2,290.0,0.2699884851969568
user1,295.0,0.1322604952476741
user2,295.0,0.44326226302292837
vnf1,295.0,0.9078022661356209
vnf2,295.0,0.872875797998366
vnf1-dup6,295.0,0.8920122365679265
vnf2-dup7,295.0,0.8176915035750766
vnf1-dup8,295.0,0.85762847956293
vnf2-dup9,295.0,0.8479765171995143
vnf2-dup10,295.0,0.800627268312424
vnf1-dup11,295.0,0.0
vnf2-dup12,295.0,0.0
webserver,295.0,0.09400355279425382
webserver2,295.0,0.04961333368370999
user1,300.0,0.685356989058088
user2,300.0,0.25942211204679544
vnf1,300.0,0.9861664705035972
vnf2,300.0,0.9171839432682425
vnf1-dup6,300.0,1.0105695809171293
vnf2-dup7,300.0,0.939502339091096
vnf1-dup8,300.0,0.9882866278928136
vnf2-dup9,300.0,0.8937677509135201
vnf2-dup10,300.0,0.9075314531059683
vnf1-dup11,300.0,0.0
vnf2-dup12,300.0,0.0
webserver,300.0,0.12042892248595488
webserver2,300.0,0.2621788994131705
user1,305.0,0.8846022395540378
user2,305.0,0.7295795786830077
vnf1,305.0,0.9175341696264544
vnf2,305.0,0.8592569734639722
vnf1-dup6,305.0,0.916129012249898
vnf2-dup7,305.0,0.8907717241731319
vnf1-dup8,305.0,0.9236932286579214
vnf2-dup9,305.0,0.8802825329969728
vnf2-dup10,305.0,0.847891009889001
vnf1-dup11,305.0,0.0
vnf2-dup12,305.0,0.0
webserver,305.0,0.12102977284389431
webserver2,305.0,0.2350909227168621
user1,310.0,0.48993814381254086
user2,310.0,0.3007288948876489
vnf1,310.0,0.8508682130745658
vnf2,310.0,0.811787520122574
vnf1-dup6,310.0,0.8291870723039215
vnf2-dup7,310.0,0.7522875649509804
vnf1-dup8,310.0,0.7829795744895897
vnf2-dup9,310.0,0.7214069053972104
vnf2-dup10,310.0,0.7499898851829391
vnf1-dup11,310.0,0.0
vnf2-dup12,310.0,0.0
webserver,310.0,0.14357068578506815
webserver2,310.0,0.3452823315566233
user1,315.0,0.31724484253393664
user2,315.0,0.5263321889704404
vnf1,315.0,0.8066680093800979
vnf2,315.0,0.7569127081973899
vnf1-dup6,315.0,0.8201999408284024
vnf2-dup7,315.0,0.8794939636808814
vnf1-dup8,315.0,0.8810428334680679
vnf2-dup9,315.0,0.8703920664915118
vnf2-dup10,315.0,0.8534357210994341
vnf1-dup11,315.0,0.0
vnf2-dup12,315.0,0.0
webserver,315.0,0.08890807951587062
webserver2,315.0,0.11902973744618003
user1,320.0,0.11937414896614178
user2,320.0,0.9516099724793721
vnf1,320.0,0.6540264895005097
vnf2,320.0,0.562833830988787
vnf1-dup6,320.0,0.6636548898633489
vnf2-dup7,320.0,0.5018559963287783
vnf1-dup8,320.0,0.5603469072206535
vnf2-dup9,320.0,0.4872125796692215
vnf2-dup10,320.0,0.5068777678499394
vnf1-dup11,320.0,0.0
vnf2-dup12,320.0,0.0
webserver,320.0,0.14713546152691992
webserver2,320.0,0.025006876641076294
user1,325.0,0.1992263604440872
user2,325.0,0.6622983677202151
vnf1,325.0,1.026229481557377
vnf2,325.0,0.9639139098360656
vnf1-dup6,325.0,1.0258090684145842
vnf2-dup7,325.0,0.986194157722245
vnf1-dup8,325.0,1.0140020113475177
vnf2-dup9,325.0,0.9423910709219858
vnf2-dup10,325.0,0.9462816488348531
vnf1-dup11,325.0,0.0
vnf2-dup12,325.0,0.0
webserver,325.0,0.061953391992691044
webserver2,325.0,0.13942329181997948
user1,330.0,0.22308311134030992
user2,330.0,0.3835362726174902
vnf1,330.0,1.0231225438919582
vnf2,330.0,0.9905053973808062
vnf1-dup6,330.0,1.023541427430911
vnf2-dup7,330.0,0.9141043778915046
vnf1-dup8,330.0,1.0131140720665854
vnf2-dup9,330.0,0.9533495580592773
vnf2-dup10,330.0,0.9698132208688591
vnf1-dup11,330.0,0.0
vnf2-dup12,330.0,0.0
webserver,330.0,0.1051220752480947
webserver2,330.0,0.1157091177589508
user1,335.0,0.2454760542268768
user2,335.0,0.46546149695352235
vnf1,335.0,0.9410366508912108
vnf2,335.0,0.863859844089326
vnf1-dup6,335.0,0.9040778461065574
vnf2-dup7,335.0,0.8887704680327868
vnf1-dup8,335.0,0.9009685115012106
vnf2-dup9,335.0,0.837005639023406
vnf2-dup10,335.0,0.8248183912429379
vnf1-dup11,335.0,0.0
vnf2-dup12,335.0,0.0
webserver,335.0,0.3025502387566634
webserver2,335.0,0.13383887545361262
user1,340.0,0.39905436648055936
user2,340.0,0.3275433688207191
vnf1,340.0,1.0256662302173023
vnf2,340.0,0.9734522099220992
vnf1-dup6,340.0,1.02503582728949
vnf2-dup7,340.0,0.9942019823806597
vnf1-dup8,340.0,1.0004245717751719
vnf2-dup9,340.0,0.9273958623129802
vnf2-dup10,340.0,0.9487666674080065
vnf1-dup11,340.0,0.0
vnf2-dup12,340.0,0.0
webserver,340.0,0.20904630561952442
webserver2,340.0,0.3286883571088861
user1,345.0,0.2592984001711209
user2,345.0,0.6825305659570186
vnf1,345.0,0.9900143272503589
vnf2,345.0,0.9409677847037112
vnf1-dup6,345.0,1.0026056368485843
vnf2-dup7,345.0,0.9419983344275749
vnf1-dup8,345.0,0.9552993408171521
vnf2-dup9,345.0,0.9159182738673138
vnf2-dup10,345.0,0.8868931931634304
vnf1-dup11,345.0,0.0
vnf2-dup12,345.0,0.0
webserver,345.0,0.0696883984482543
webserver2,345.0,0.1325616306094356
user1,350.0,0.2528446244587655
user2,350.0,0.2427751447487665
vnf1,350.0,0.919922254039681
vnf2,350.0,0.8407649637962774
vnf1-dup6,350.0,0.9123234178096213
vnf2-dup7,350.0,0.8503991621289662
vnf1-dup8,350.0,0.9099676405175899
vnf2-dup9,350.0,0.8487464530934088
vnf2-dup10,350.0,0.8413465331581076
vnf1-dup11,350.0,0.0
vnf2-dup12,350.0,0.0
webserver,350.0,0.09402280620125929
webserver2,350.0,0.16412933133050434
user1,355.0,0.22865334825695457
user2,355.0,0.5273330912109474
vnf1,355.0,0.9017424932349323
vnf2,355.0,0.8359163370233702
vnf1-dup6,355.0,0.9168101437064371
vnf2-dup7,355.0,0.9009634854448545
vnf1-dup8,355.0,0.882085008097166
vnf2-dup9,355.0,0.85993925951417
vnf2-dup10,355.0,0.8523886534412954
vnf1-dup11,355.0,0.0
vnf2-dup12,355.0,0.0
webserver,355.0,0.07572043144636782
webserver2,355.0,0.3352436432984791
user1,360.0,0.5391159973852265
user2,360.0,0.4252752156034786
vnf1,360.0,0.9923627934070435
vnf2,360.0,0.9343570622440622
vnf1-dup6,360.0,0.9798649230611827
vnf2-dup7,360.0,0.9004910781665644
vnf1-dup8,360.0,0.9872215334143378
vnf2-dup9,360.0,0.8960307695423249
vnf2-dup10,360.0,0.892972851964358
vnf1-dup11,360.0,0.0
vnf2-dup12,360.0,0.0
webserver,360.0,0.15238953179161818
webserver2,360.0,0.1970742431079576
user1,365.0,0.8009236890562249
user2,365.0,0.40158610249460425
vnf1,365.0,0.5209500511571254
vnf2,365.0,0.5147381151035323
vnf1-dup6,365.0,0.5291835812347685
vnf2-dup7,365.0,0.5244110396019497
vnf1-dup8,365.0,0.5241802411989539
vnf2-dup9,365.0,0.5254073582780124
vnf2-dup10,365.0,0.5860189050492859
vnf1-dup11,365.0,0.0
vnf2-dup12,365.0,0.0
webserver,365.0,0.04775342691133794
webserver2,365.0,0.2046557575803062
user1,370.0,0.6956916004535147
user2,370.0,0.3097066782582401
vnf1,370.0,1.020217767413191
vnf2,370.0,0.8926443151838915
vnf1-dup6,370.0,1.0146581556148635
vnf2-dup7,370.0,0.8700061387805379
vnf1-dup8,370.0,0.9438056546558704
vnf2-dup9,370.0,0.8549190161943321
vnf2-dup10,370.0,0.7934210410931174
vnf1-dup11,370.0,0.0
vnf2-dup12,370.0,0.0
webserver,370.0,0.18794709793607856
webserver2,370.0,0.08782436548191563
user1,375.0,0.6507488098301337
user2,375.0,0.3662143091576196
vnf1,375.0,0.9853343994681939
vnf2,375.0,0.9567805046021681
vnf1-dup6,375.0,0.9794965983220789
vnf2-dup7,375.0,0.9532637362390014
vnf1-dup8,375.0,0.950040439724919
vnf2-dup9,375.0,0.8950242601132686
vnf2-dup10,375.0,0.883980571197411
vnf1-dup11,375.0,0.0
vnf2-dup12,375.0,0.0
webserver,375.0,0.2470157252394169
webserver2,375.0,0.14104968216937963
user1,380.0,0.36158720046268356
user2,380.0,0.2683935166482245
vnf1,380.0,1.0195953996730691
vnf2,380.0,0.9202083970167552
vnf1-dup6,380.0,1.0154443074565884
vnf2-dup7,380.0,0.9698876181818181
vnf1-dup8,380.0,1.0129280502532927
vnf2-dup9,380.0,0.9326848907801418
vnf2-dup10,380.0,0.9745693886524823
vnf1-dup11,380.0,0.0
vnf2-dup12,380.0,0.0
webserver,380.0,0.2647489373130967
webserver2,380.0,0.33495076092641485
user1,385.0,0.6518238903144654
user2,385.0,0.4660896631610728
vnf1,385.0,0.9530423847572219
vnf2,385.0,0.8932595562384757
vnf1-dup6,385.0,0.9738265796269728
vnf2-dup7,385.0,0.8892805679442509
vnf1-dup8,385.0,0.9393203760113269
vnf2-dup9,385.0,0.8923139037216828
vnf2-dup10,385.0,0.8690736136731392
vnf1-dup11,385.0,0.0
vnf2-dup12,385.0,0.0
webserver,385.0,0.15079275531528827
webserver2,385.0,0.11570622177172105
user1,390.0,0.37631419496475327
user2,390.0,0.17463738542506044
vnf1,390.0,0.9252000609480813
vnf2,390.0,0.8824132776523702
vnf1-dup6,390.0,0.9124999788587849
vnf2-dup7,390.0,0.7961411945812809
vnf1-dup8,390.0,0.883144234197731
vnf2-dup9,390.0,0.8076782714748785
vnf2-dup10,390.0,0.8539505573338736
vnf1-dup11,390.0,0.0
vnf2-dup12,390.0,0.0
webserver,390.0,0.08309220955146175
webserver2,390.0,0.14055866863986782
user1,395.0,0.5005724554584714
user2,395.0,0.47617755830069297
vnf1,395.0,0.8626400315746588
vnf2,395.0,0.8132002285597882
vnf1-dup6,395.0,0.8593807119576289
vnf2-dup7,395.0,0.8262375060093705
vnf1-dup8,395.0,0.8331852056150272
vnf2-dup9,395.0,0.7844071813774994
vnf2-dup10,395.0,0.7735204920218137
vnf1-dup11,395.0,0.0
vnf2-dup12,395.0,0.0
webserver,395.0,0.07198098387439796
webserver2,395.0,0.19527365829736662
user1,400.0,0.6786558591478445
user2,400.0,0.3176216064691383
vnf1,400.0,0.9170491584016394
vnf2,400.0,0.8978278479508196
vnf1-dup6,400.0,0.9653554370006145
vnf2-dup7,400.0,0.9112066982175784
vnf1-dup8,400.0,0.9402024165991903
vnf2-dup9,400.0,0.9060323763157895
vnf2-dup10,400.0,0.8572671955465587
vnf1-dup11,400.0,0.0
vnf2-dup12,400.0,0.0
webserver,400.0,0.05032852269626922
webserver2,400.0,0.12064377911968262
user1,405.0,0.35201691584831546
user2,405.0,0.3227268103413553
vnf1,405.0,0.9511147250971568
vnf2,405.0,0.853385130701575
vnf1-dup6,405.0,0.9197586215995092
vnf2-dup7,405.0,0.8491920452035181
vnf1-dup8,405.0,0.916966983599919
vnf2-dup9,405.0,0.8414051307957076
vnf2-dup10,405.0,0.8907066086252278
vnf1-dup11,405.0,0.0
vnf2-dup12,405.0,0.0
webserver,405.0,0.14094401335185325
webserver2,405.0,0.05652075922867082
user1,410.0,0.44963070225594126
user2,410.0,0.6760186824599307
vnf1,410.0,0.9648117626841244
vnf2,410.0,0.9144639736088379
vnf1-dup6,410.0,0.9778050063355814
vnf2-dup7,410.0,0.9493970778663398
vnf1-dup8,410.0,0.9421223027541515
vnf2-dup9,410.0,0.8997367231672742
vnf2-dup10,410.0,0.8765491978533819
vnf1-dup11,410.0,0.0
vnf2-dup12,410.0,0.0
webserver,410.0,0.13945165227184564
webserver2,410.0,0.14902456267440842
user1,415.0,0.4914533291171135
user2,415.0,0.5725545457844077
vnf1,415.0,0.9423526764524739
vnf2,415.0,0.8624101601313898
vnf1-dup6,415.0,0.9420003861162456
vnf2-dup7,415.0,0.8491065699322242
vnf1-dup8,415.0,0.9077234013344117
vnf2-dup9,415.0,0.8919530822887182
vnf2-dup10,415.0,0.9277193578649413
vnf1-dup11,415.0,0.0
vnf2-dup12,415.0,0.0
webserver,415.0,0.22996007941135985
webserver2,415.0,0.1396368536283208
user1,420.0,0.98051868491154
user2,420.0,0.2923161920196995
vnf1,420.0,0.7504294259713702
vnf2,420.0,0.6534151137014316
vnf1-dup6,420.0,0.723875695625511
vnf2-dup7,420.0,0.7194603248160262
vnf1-dup8,420.0,0.724125369868554
vnf2-dup9,420.0,0.6136096992922143
vnf2-dup10,420.0,0.5960970604651162
vnf1-dup11,420.0,0.0
vnf2-dup12,420.0,0.0
webserver,420.0,0.07432269975962742
webserver2,420.0,0.13133106217136564
user1,425.0,0.43282231093239504
user2,425.0,0.2839993918463781
vnf1,425.0,1.0227058820764356
vnf2,425.0,0.961843427345187
vnf1-dup6,425.0,1.0224969107069881
vnf2-dup7,425.0,0.9341846935022476
vnf1-dup8,425.0,1.0131456206198095
vnf2-dup9,425.0,0.9456754976706503
vnf2-dup10,425.0,0.9511038958881912
vnf1-dup11,425.0,0.0
vnf2-dup12,425.0,0.0
webserver,425.0,0.1866111488552959
webserver2,425.0,0.07472148156344949
user1,430.0,0.9589944585721468
user2,430.0,0.6577677146807441
vnf1,430.0,0.9885889343558282
vnf2,430.0,0.9433537613496933
vnf1-dup6,430.0,1.0103004069078274
vnf2-dup7,430.0,0.9348456777028408
vnf1-dup8,430.0,0.9693303530244791
vnf2-dup9,430.0,0.925915423022456
vnf2-dup10,430.0,0.9298401658911593
vnf1-dup11,430.0,0.0
vnf2-dup12,430.0,0.0
webserver,430.0,0.10590973267933783
webserver2,430.0,0.15928377358325302
user1,435.0,0.5317193399939601
user2,435.0,0.36216025201328766
vnf1,435.0,1.0249948488825098
vnf2,435.0,0.97434896083658
vnf1-dup6,435.0,1.0247847228372284
vnf2-dup7,435.0,0.9410618878638787
vnf1-dup8,435.0,1.0129659495542949
vnf2-dup9,435.0,0.9347447181928688
vnf2-dup10,435.0,0.9346434224068071
vnf1-dup11,435.0,0.0
vnf2-dup12,435.0,0.0
webserver,435.0,0.25778394891625367
webserver2,435.0,0.09545477178755568
user1,440.0,0.495530944237544
user2,440.0,0.3715322519153226
vnf1,440.0,1.024815244868637
vnf2,440.0,0.9572865114942528
vnf1-dup6,440.0,1.025025636009033
vnf2-dup7,440.0,0.9648121285157052
vnf1-dup8,440.0,1.0123506634946347
vnf2-dup9,440.0,0.9629884452318282
vnf2-dup10,440.0,0.9220287378011743
vnf1-dup11,440.0,0.0
vnf2-dup12,440.0,0.0
webserver,440.0,0.15713731372401796
webserver2,440.0,0.05743389455769544
user1,445.0,0.20688301574842768
user2,445.0,0.6892293707424897
vnf1,445.0,0.9193837798408487
vnf2,445.0,0.8985921063048358
vnf1-dup6,445.0,0.8910797926107369
vnf2-dup7,445.0,0.9328434186568687
vnf1-dup8,445.0,0.8520113076612088
vnf2-dup9,445.0,0.8363250347685466
vnf2-dup10,445.0,0.8411966745502325
vnf1-dup11,445.0,0.0
vnf2-dup12,445.0,0.0
webserver,445.0,0.1840021004341679
webserver2,445.0,0.06585338323136018
user1,450.0,0.4375144709703409
user2,450.0,0.5297381602215508
vnf1,450.0,1.0229618768947153
vnf2,450.0,0.9002048131913151
vnf1-dup6,450.0,1.0233811231557377
vnf2-dup7,450.0,0.8838114557377049
vnf1-dup8,450.0,1.0129032111990262
vnf2-dup9,450.0,0.8920064794075878
vnf2-dup10,450.0,0.9227835132886996
vnf1-dup11,450.0,0.0
vnf2-dup12,450.0,0.0
webserver,450.0,0.1493192839981981
webserver2,450.0,0.11846438623054206
user1,455.0,0.3748166688598694
user2,455.0,0.648897364042799
vnf1,455.0,1.0232529391091132
vnf2,455.0,0.9597466066612179
vnf1-dup6,455.0,1.0238805728889797
vnf2-dup7,455.0,0.926313615007156
vnf1-dup8,455.0,1.0072933399513775
vnf2-dup9,455.0,0.9633508772285251
vnf2-dup10,455.0,0.943537262560778
vnf1-dup11,455.0,0.0
vnf2-dup12,455.0,0.0
webserver,455.0,0.07875717744564535
webserver2,455.0,0.10655766369084936
user1,460.0,0.2558116095401027
user2,460.0,0.29339437148463043
vnf1,460.0,0.9545733351749539
vnf2,460.0,0.924268445467567
vnf1-dup6,460.0,0.9502863930032733
vnf2-dup7,460.0,0.9492634801554828
vnf1-dup8,460.0,0.8878965332390382
vnf2-dup9,460.0,0.8268134879773692
vnf2-dup10,460.0,0.8376641646797333
vnf1-dup11,460.0,0.0
vnf2-dup12,460.0,0.0
webserver,460.0,0.29440197516986416
webserver2,460.0,0.06677407989858114
user1,465.0,0.333380283493485
user2,465.0,0.26186043678623533
vnf1,465.0,0.9836880646745805
vnf2,465.0,0.9076135673352436
vnf1-dup6,465.0,1.0248053816058993
vnf2-dup7,465.0,0.8828963320360509
vnf1-dup8,465.0,0.9804127749898826
vnf2-dup9,465.0,0.9337515054633752
vnf2-dup10,465.0,0.9126871588425739
vnf1-dup11,465.0,0.0
vnf2-dup12,465.0,0.0
webserver,465.0,0.09126495354657856
webserver2,465.0,0.17424037478099816
user1,470.0,0.34223407967365027
user2,470.0,0.34793292109371066
vnf1,470.0,1.0277492020554986
vnf2,470.0,0.9255087112024666
vnf1-dup6,470.0,1.0269048821113165
vnf2-dup7,470.0,0.970260809201068
vnf1-dup8,470.0,1.0146103739853896
vnf2-dup9,470.0,0.9567369981737014
vnf2-dup10,470.0,0.9657467386363636
vnf1-dup11,470.0,0.0
vnf2-dup12,470.0,0.0
webserver,470.0,0.0715102807419367
webserver2,470.0,0.34690546498704616
user1,475.0,0.35957263967142067
user2,475.0,0.5892578146823197
vnf1,475.0,1.0237030719704736
vnf2,475.0,0.9957760690998564
vnf1-dup6,475.0,1.0239130190730106
vnf2-dup7,475.0,0.982752233388023
vnf1-dup8,475.0,1.0152001469213574
vnf2-dup9,475.0,0.9398292889656573
vnf2-dup10,475.0,0.9501930361715099
vnf1-dup11,475.0,0.0
vnf2-dup12,475.0,0.0
webserver,475.0,0.1019793793353686
webserver2,475.0,0.1174490753966268
user1,480.0,0.43855554292611776
user2,480.0,0.715462352742998
vnf1,480.0,1.0273696889618384
vnf2,480.0,0.9570783491998359
vnf1-dup6,480.0,0.9852361117043121
vnf2-dup7,480.0,0.9743942227926079
vnf1-dup8,480.0,0.9687285089953507
vnf2-dup9,480.0,0.9238528273701233
vnf2-dup10,480.0,0.9370931760663028
vnf1-dup11,480.0,0.0
vnf2-dup12,480.0,0.0
webserver,480.0,0.0953424920289311
webserver2,480.0,0.1815776943714493
user1,485.0,0.7942353138321996
user2,485.0,0.7552577120471609
vnf1,485.0,0.7513834591104736
vnf2,485.0,0.6753227927854069
vnf1-dup6,485.0,0.7837771194182712
vnf2-dup7,485.0,0.6833879381401065
vnf1-dup8,485.0,0.7677510503131947
vnf2-dup9,485.0,0.6903010614265509
vnf2-dup10,485.0,0.6476257732875329
vnf1-dup11,485.0,0.0
vnf2-dup12,485.0,0.0
webserver,485.0,0.1140148095041529
webserver2,485.0,0.07824226892574802
user1,490.0,0.15047810442878712
user2,490.0,0.2564097364157778
vnf1,490.0,1.022413063190184
vnf2,490.0,0.9831288108384458
vnf1-dup6,490.0,1.0224130629856851
vnf2-dup7,490.0,0.9831492603271983
vnf1-dup8,490.0,1.012196096636953
vnf2-dup9,490.0,0.9327593063209076
vnf2-dup10,490.0,0.9928079288897893
vnf1-dup11,490.0,0.0
vnf2-dup12,490.0,0.0
webserver,490.0,0.06957316007408056
webserver2,490.0,0.04414050229624717
user1,495.0,0.23382884336078746
user2,495.0,0.3889301797589151
vnf1,495.0,0.9297876472029399
vnf2,495.0,0.8510412227439771
vnf1-dup6,495.0,0.9411115439313446
vnf2-dup7,495.0,0.8512055375970576
vnf1-dup8,495.0,0.9021822465144473
vnf2-dup9,495.0,0.850515244291776
vnf2-dup10,495.0,0.8417660024247323
vnf1-dup11,495.0,0.0
vnf2-dup12,495.0,0.0
webserver,495.0,0.05114275277704725
webserver2,495.0,0.06618577018446858
user1,500.0,0.5257884334792012
user2,500.0,0.20130738356715444
vnf1,500.0,1.021241808006536
vnf2,500.0,0.9626429540441176
vnf1-dup6,500.0,1.0212418078022876
vnf2-dup7,500.0,0.9476102734885621
vnf1-dup8,500.0,0.9786206752535497
vnf2-dup9,500.0,0.945943190872211
vnf2-dup10,500.0,0.9017241243407708
vnf1-dup11,500.0,0.0
vnf2-dup12,500.0,0.0
webserver,500.0,0.16460630437826618
webserver2,500.0,0.14802590312054612
user1,505.0,0.7542158903916738
user2,505.0,0.42663179578598004
vnf1,505.0,0.6997551868625052
vnf2,505.0,0.70993470624235
vnf1-dup6,505.0,0.7522138175882472
vnf2-dup7,505.0,0.7408487908590083
vnf1-dup8,505.0,0.7259737541876892
vnf2-dup9,505.0,0.7338445929364278
vnf2-dup10,505.0,0.7883551876892029
vnf1-dup11,505.0,0.0
vnf2-dup12,505.0,0.0
webserver,505.0,0.09061221329279431
webserver2,505.0,0.11261839441712648
user1,510.0,0.8475094143252073
user2,510.0,0.2430036151487736
vnf1,510.0,0.8629932328767124
vnf2,510.0,0.7551829713759967
vnf1-dup6,510.0,0.8453894704559395
vnf2-dup7,510.0,0.7232263171130648
vnf1-dup8,510.0,0.8209109204453442
vnf2-dup9,510.0,0.7100202334008097
vnf2-dup10,510.0,0.6416396668016194
vnf1-dup11,510.0,0.0
vnf2-dup12,510.0,0.0
webserver,510.0,0.05894260057298704
webserver2,510.0,0.22832657592703798
user1,515.0,0.4347629051142656
user2,515.0,0.46715658393315546
vnf1,515.0,1.0269048819059354
vnf2,515.0,0.9506674631341138
vnf1-dup6,515.0,1.0273268687076227
vnf2-dup7,515.0,0.9594205629751387
vnf1-dup8,515.0,1.014404528099006
vnf2-dup9,515.0,0.9214444978697505
vnf2-dup10,515.0,0.969628712720633
vnf1-dup11,515.0,0.0
vnf2-dup12,515.0,0.0
webserver,515.0,0.20498709766300127
webserver2,515.0,0.1379430387871653
user1,520.0,0.26897872305675974
user2,520.0,0.6691601875189032
vnf1,520.0,0.856658421701603
vnf2,520.0,0.8812371315248665
vnf1-dup6,520.0,0.8769420236333745
vnf2-dup7,520.0,0.8824290766543362
vnf1-dup8,520.0,0.8879659521880064
vnf2-dup9,520.0,0.8498784315235008
vnf2-dup10,520.0,0.8601093891815235
vnf1-dup11,520.0,0.0
vnf2-dup12,520.0,0.0
webserver,520.0,0.07903108732461296
webserver2,520.0,0.09129880099042093
user1,525.0,0.5240622236040481
user2,525.0,0.42578435070755905
vnf1,525.0,0.9893814113402062
vnf2,525.0,0.8531752301030927
vnf1-dup6,525.0,0.9353328905380335
vnf2-dup7,525.0,0.822902469181612
vnf1-dup8,525.0,0.8825303510121457
vnf2-dup9,525.0,0.8353846026315789
vnf2-dup10,525.0,0.8234007969635627
vnf1-dup11,525.0,0.0
vnf2-dup12,525.0,0.0
webserver,525.0,0.16024206418753836
webserver2,525.0,0.18064475536566726
user1,530.0,0.45643633430701047
user2,530.0,0.7586283176897125
vnf1,530.0,0.874999971169687
vnf2,530.0,0.8834637298187809
vnf1-dup6,530.0,0.9124227156983931
vnf2-dup7,530.0,0.899587941697569
vnf1-dup8,530.0,0.886790909643436
vnf2-dup9,530.0,0.8382495822528363
vnf2-dup10,530.0,0.8616693549432739
vnf1-dup11,530.0,0.0
vnf2-dup12,530.0,0.0
webserver,530.0,0.059760018230046424
webserver2,530.0,0.16963827542759907
user1,535.0,0.8449596672883064
user2,535.0,0.2361134871743184
vnf1,535.0,0.5935794722051282
vnf2,535.0,0.5489640898461539
vnf1-dup6,535.0,0.625748856380796
vnf2-dup7,535.0,0.5867254692244563
vnf1-dup8,535.0,0.6234677356854839
vnf2-dup9,535.0,0.6019153163306451
vnf2-dup10,535.0,0.5814717681451613
vnf1-dup11,535.0,0.0
vnf2-dup12,535.0,0.0
webserver,535.0,0.05357861911431823
webserver2,535.0,0.06656244848113455
user1,540.0,1.0070060672463186
user2,540.0,0.7320130581553155
vnf1,540.0,0.7198563858461539
vnf2,540.0,0.6160410055384615
vnf1-dup6,540.0,0.6695527059909725
vnf2-dup7,540.0,0.5872178727944194
vnf1-dup8,540.0,0.6368824283121597
vnf2-dup9,540.0,0.5535390133091349
vnf2-dup10,540.0,0.5219600667473281
vnf1-dup11,540.0,0.0
vnf2-dup12,540.0,0.0
webserver,540.0,0.03779974221200345
webserver2,540.0,0.13592412465792794
user1,545.0,0.4034797428513793
user2,545.0,0.33673221729702474
vnf1,545.0,1.034554072004966
vnf2,545.0,0.9529484477550175
vnf1-dup6,545.0,1.0351966513457558
vnf2-dup7,545.0,0.9825258461697722
vnf1-dup8,545.0,1.015022313235891
vnf2-dup9,545.0,0.946548907632968
vnf2-dup10,545.0,0.9383678284612262
vnf1-dup11,545.0,0.0
vnf2-dup12,545.0,0.0
webserver,545.0,0.1128502233428854
webserver2,545.0,0.21920087881821482
user1,550.0,0.21487527926429834
user2,550.0,0.4068527593469717
vnf1,550.0,1.0315658863214359
vnf2,550.0,0.99416130720033
vnf1-dup6,550.0,1.0319917128998968
vnf2-dup7,550.0,0.949081498245614
vnf1-dup8,550.0,1.0133765553303609
vnf2-dup9,550.0,0.9380016074179165
vnf2-dup10,550.0,0.9506688135387109
vnf1-dup11,550.0,0.0
vnf2-dup12,550.0,0.0
webserver,550.0,0.09425741950749277
webserver2,550.0,0.09893711467631483
user1,555.0,0.5671944238604276
user2,555.0,0.3526825275312626
vnf1,555.0,0.9951299742055304
vnf2,555.0,0.9146718677259595
vnf1-dup6,555.0,1.0141234464175097
vnf2-dup7,555.0,0.9702663353293414
vnf1-dup8,555.0,0.9543314905660377
vnf2-dup9,555.0,0.9523432580645161
vnf2-dup10,555.0,0.9566849095151146
vnf1-dup11,555.0,0.0
vnf2-dup12,555.0,0.0
webserver,555.0,0.18909026993941822
webserver2,555.0,0.13320482491363342
user1,560.0,0.4564066365878208
user2,560.0,0.3123068353551115
vnf1,560.0,0.906957568752573
vnf2,560.0,0.8490530837793331
vnf1-dup6,560.0,0.892302916237909
vnf2-dup7,560.0,0.8186457880222268
vnf1-dup8,560.0,0.8537854123481781
vnf2-dup9,560.0,0.7926113248987855
vnf2-dup10,560.0,0.8166599078947369
vnf1-dup11,560.0,0.0
vnf2-dup12,560.0,0.0
webserver,560.0,0.08347193139670114
webserver2,560.0,0.1483461914414696
user1,565.0,0.34723987607225754
user2,565.0,0.40090830307311903
vnf1,565.0,0.9791010428748964
vnf2,565.0,0.8595898624689312
vnf1-dup6,565.0,0.9772670461697722
vnf2-dup7,565.0,0.9107039035196687
vnf1-dup8,565.0,0.9495033300222988
vnf2-dup9,565.0,0.8893573744171903
vnf2-dup10,565.0,0.8734441388607338
vnf1-dup11,565.0,0.0
vnf2-dup12,565.0,0.0
webserver,565.0,0.08281748536313688
webserver2,565.0,0.08759840187231699
user1,570.0,0.2342237861391129
user2,570.0,0.6404657387973184
vnf1,570.0,0.8842995393026615
vnf2,570.0,0.9293170759232514
vnf1-dup6,570.0,0.8975644714138287
vnf2-dup7,570.0,0.86276571001032
vnf1-dup8,570.0,0.8911669240275527
vnf2-dup9,570.0,0.8395056606564019
vnf2-dup10,570.0,0.8241085779983792
vnf1-dup11,570.0,0.0
vnf2-dup12,570.0,0.0
webserver,570.0,0.10215108830853553
webserver2,570.0,0.2591293008271495
user1,575.0,0.30120104455995156
user2,575.0,0.3109058743880898
vnf1,575.0,0.8477319346391753
vnf2,575.0,0.7827010082474226
vnf1-dup6,575.0,0.8565477182924315
vnf2-dup7,575.0,0.757950070323778
vnf1-dup8,575.0,0.8076845193124368
vnf2-dup9,575.0,0.755288160364004
vnf2-dup10,575.0,0.7479069674418605
vnf1-dup11,575.0,0.0
vnf2-dup12,575.0,0.0
webserver,575.0,0.127778054560016
webserver2,575.0,0.17028481163029333
user1,580.0,0.3138190904522613
user2,580.0,0.32537177989348876
vnf1,580.0,0.886969860684286
vnf2,580.0,0.8404220249948781
vnf1-dup6,580.0,0.8850266063088899
vnf2-dup7,580.0,0.8480335714870955
vnf1-dup8,580.0,0.8659931188118811
vnf2-dup9,580.0,0.8145887955142452
vnf2-dup10,580.0,0.8260658621943827
vnf1-dup11,580.0,0.0
vnf2-dup12,580.0,0.0
webserver,580.0,0.07060722394614682
webserver2,580.0,0.08928066390560678
user1,585.0,0.4592137022681452
user2,585.0,0.20564658079153011
vnf1,585.0,0.8574927698641416
vnf2,585.0,0.7767187923013585
vnf1-dup6,585.0,0.8405232546353523
vnf2-dup7,585.0,0.7940461236093943
vnf1-dup8,585.0,0.8275743354238317
vnf2-dup9,585.0,0.7607323378515073
vnf2-dup10,585.0,0.7712522650212422
vnf1-dup11,585.0,0.0
vnf2-dup12,585.0,0.0
webserver,585.0,0.0945084634335548
webserver2,585.0,0.1472692455113046
user1,590.0,0.32671138934570954
user2,590.0,0.3090092765839387
vnf1,590.0,0.9319768380499897
vnf2,590.0,0.879921476347862
vnf1-dup6,590.0,0.9516115423553718
vnf2-dup7,590.0,0.8724173287190082
vnf1-dup8,590.0,0.8863415495750708
vnf2-dup9,590.0,0.8349655904492108
vnf2-dup10,590.0,0.8220963057466613
vnf1-dup11,590.0,0.0
vnf2-dup12,590.0,0.0
webserver,590.0,0.10771253501884619
webserver2,590.0,0.12932867394217162
user1,595.0,0.3420994306058776
user2,595.0,0.7792853423754404
vnf1,595.0,0.8766097253651511
vnf2,595.0,0.7723719181238428
vnf1-dup6,595.0,0.8488060675174969
vnf2-dup7,595.0,0.8375668752573076
vnf1-dup8,595.0,0.8273462665857605
vnf2-dup9,595.0,0.7911003135113269
vnf2-dup10,595.0,0.7825647146035598
vnf1-dup11,595.0,0.0
vnf2-dup12,595.0,0.0
webserver,595.0,0.11576473408338021
webserver2,595.0,0.05687355399712482
user1,600.0,0.29858644373459425
user2,600.0,0.7551743120692257
vnf1,600.0,0.7821149665297741
vnf2,600.0,0.7563038815195071
vnf1-dup6,600.0,0.813290855176664
vnf2-dup7,600.0,0.7136400774445358
vnf1-dup8,600.0,0.800526197328476
vnf2-dup9,600.0,0.7508601396478446
vnf2-dup10,600.0,0.7351952934628618
vnf1-dup11,600.0,0.0
vnf2-dup12,600.0,0.0
webserver,600.0,0.13562349777321858
webserver2,600.0,0.06392614017463971
user1,605.0,0.03842724713248184
user2,605.0,0.024242423741547708
vnf1,605.0,0.21673378332662102
vnf2,605.0,0.30328231393475635
vnf1-dup6,605.0,0.2125226436480773
vnf2-dup7,605.0,0.288987308838333
vnf1-dup8,605.0,0.2604739869451697
vnf2-dup9,605.0,0.2824864394456718
vnf2-dup10,605.0,0.2883510698935529
vnf1-dup11,605.0,0.0
vnf2-dup12,605.0,0.0
webserver,605.0,0.11807813457305788
webserver2,605.0,0.03398779416987645
user1,610.0,0.0
user2,610.0,0.0
vnf1,610.0,0.0
vnf2,610.0,0.0
vnf1-dup6,610.0,0.0
vnf2-dup7,610.0,0.0
vnf1-dup8,610.0,0.0
vnf2-dup9,610.0,0.0
vnf2-dup10,610.0,0.0
vnf1-dup11,610.0,0.0
vnf2-dup12,610.0,0.0
webserver,610.0,0.0
webserver2,610.0,0.0
user1,615.0,0.0
user2,615.0,0.0
vnf1,615.0,0.0
vnf2,615.0,0.0
vnf2-dup7,615.0,0.0
vnf1-dup8,615.0,0.0
vnf2-dup9,615.0,0.0
vnf2-dup10,615.0,0.0
vnf1-dup11,615.0,0.0
vnf2-dup12,615.0,0.0
webserver,615.0,0.0
webserver2,615.0,0.0
user1,620.0,0.0
user2,620.0,0.0
vnf1,620.0,0.0
vnf2,620.0,0.0
vnf1-dup8,620.0,0.0
vnf2-dup9,620.0,0.0
vnf2-dup10,620.0,0.0
vnf1-dup11,620.0,0.0
vnf2-dup12,620.0,0.0
webserver,620.0,0.0
webserver2,620.0,0.0
