vnf1,5.0,0.9949304777187244
vnf2,5.0,0.951737510425184
user2,5.0,0.31071787165694753
user1,5.0,0.3552237256410256
webserver,5.0,0.05781017497092987
webserver2,5.0,0.005051325923054802
vnf1,10.0,1.0288068969709459
vnf2,10.0,1.027536504836386
user2,10.0,0.17247844851050959
user1,10.0,0.329542241984271
webserver,10.0,0.019215524363254438
webserver2,10.0,0.011990947309851582
vnf1,15.0,1.028172457084189
vnf2,15.0,1.0271179230769232
user2,15.0,0.5057250489067605
user1,15.0,0.5441568151796934
webserver,15.0,0.029994373129102844
webserver2,15.0,0.04808002488277587
vnf1,20.0,0.7735341868892508
vnf2,20.0,1.0162288562410915
vnf2-dup6,20.0,0.23297834520520422
vnf1-dup7,20.0,0.23464744470670953
user2,20.0,0.9567475001006339
user1,20.0,0.3754590686723348
webserver,20.0,0.10235361755583902
webserver2,20.0,0.1396063123233536
vnf1,25.0,0.5967342685598377
vnf2-dup8,25.0,0.13513881969186325
vnf2,25.0,1.016314916599026
vnf1-dup9,25.0,0.1794694779485533
vnf2-dup6,25.0,1.0152847989053313
vnf1-dup7,25.0,1.0150790259424403
user2,25.0,0.5618522550365841
user1,25.0,0.3349877135910162
webserver,25.0,0.04837048430628124
webserver2,25.0,0.17731834666516308
vnf1,30.0,0.9048923922046286
vnf2-dup8,30.0,0.4553999110840439
vnf1-dup9,30.0,0.6620332676542208
vnf2,30.0,1.0147930032467531
vnf2-dup6,30.0,1.0145871211199027
vnf2-dup10,30.0,0.08945134836941994
vnf1-dup7,30.0,0.8727383227180527
user2,30.0,0.1331426259158888
user1,30.0,0.2724115405771644
webserver,30.0,0.16788135192190054
webserver2,30.0,0.09658065182327753
vnf1,35.0,1.020824805430788
vnf2-dup8,35.0,1.020824805430788
vnf1-dup9,35.0,0.7753877393877551
vnf2,35.0,1.0204081428571428
vnf2-dup6,35.0,0.8528883272096346
vnf2-dup10,35.0,0.7450499942845479
vnf1-dup7,35.0,0.7735251928965096
user2,35.0,0.2943341174903223
user1,35.0,0.8765634324854213
webserver,35.0,0.26080276056003204
webserver2,35.0,0.17680796609278815
vnf2-dup8,40.0,0.897618033968517
vnf1,40.0,1.0349212603562552
vnf2,40.0,1.0349068002070394
vnf1-dup9,40.0,0.7510144672877846
vnf2-dup6,40.0,0.7173777715410108
vnf2-dup10,40.0,0.535024835956918
vnf1-dup7,40.0,0.7565271181102362
vnf2-dup11,40.0,0.07120473843720183
user2,40.0,0.33516077934272304
user1,40.0,1.008551652279267
vnf1-dup12,40.0,0.08277431745078913
webserver,40.0,0.14043069567175945
webserver2,40.0,0.1980629885881602
vnf2-dup8,45.0,0.9357083770593081
vnf1,45.0,1.0303541725700165
vnf2,45.0,1.0299423117792421
vnf1-dup9,45.0,0.7523681841021417
vnf2-dup6,45.0,0.9433422249434039
vnf2-dup10,45.0,0.9192631977773204
vnf1-dup7,45.0,0.7509573598929381
vnf2-dup11,45.0,0.8307597049619106
user2,45.0,0.2807626471979072
user1,45.0,0.5354163437987421
vnf1-dup12,45.0,0.7807707721798475
webserver,45.0,0.2652131912540902
webserver2,45.0,0.19084537754347253
vnf2-dup8,50.0,0.6213653974912605
vnf1,50.0,0.6291795013366235
vnf2,50.0,0.8178828166495375
vnf1-dup9,50.0,0.5951078984583762
vnf2-dup6,50.0,0.5253958324079786
vnf2-dup10,50.0,0.6308040150113099
vnf1-dup7,50.0,0.5939132072794572
vnf2-dup11,50.0,0.5699362373020769
user2,50.0,0.20216537078255617
user1,50.0,0.4611046707114445
vnf1-dup12,50.0,0.560749348427169
webserver,50.0,0.14576559083013632
webserver2,50.0,0.06559863962860678
vnf2-dup8,55.0,0.6818576576334299
vnf1,55.0,0.6775754877947869
vnf2,55.0,0.6651427203144394
vnf1-dup9,55.0,0.7252999389739346
vnf2-dup6,55.0,0.7629162167528438
vnf2-dup10,55.0,0.6833091871768356
vnf1-dup7,55.0,0.6747464090250467
vnf2-dup11,55.0,0.7306561602152762
user2,55.0,0.1578878261901156
user1,55.0,0.46532693072456455
vnf1-dup12,55.0,0.6545199428743235
webserver,55.0,0.1612556913192533
webserver2,55.0,0.17929032443321155
vnf2-dup8,60.0,0.5943268078108941
vnf1,60.0,0.6159712061664954
vnf2,60.0,0.6247481856115108
vnf1-dup9,60.0,0.6256320474820144
vnf2-dup6,60.0,0.606910720485397
vnf2-dup10,60.0,0.6608185771287537
vnf1-dup7,60.0,0.6698889164952694
vnf2-dup11,60.0,0.5985396789387084
user2,60.0,0.4561689222222222
user1,60.0,0.3669214469476013
vnf1-dup12,60.0,0.6116325693943041
webserver,60.0,0.06719273601870841
webserver2,60.0,0.1991196021584713
vnf2-dup8,65.0,0.7719958633744857
vnf1,65.0,0.7406584152263375
vnf2,65.0,0.7181724426836797
vnf1-dup9,65.0,0.704877526857378
vnf2-dup6,65.0,0.724897099382716
vnf2-dup10,65.0,0.6923662384773662
vnf1-dup7,65.0,0.6676967245570663
vnf2-dup11,65.0,0.7549031518335394
user2,65.0,0.416654066042013
user1,65.0,0.2349753160572177
vnf1-dup12,65.0,0.6651153436308926
webserver,65.0,0.1544088376230934
webserver2,65.0,0.20687946390720605
vnf2-dup8,70.0,0.6177890354969574
vnf1,70.0,0.5734076977687627
vnf2,70.0,0.6303103966321769
vnf1-dup9,70.0,0.6099411539866099
vnf2-dup6,70.0,0.6003248617258883
vnf2-dup10,70.0,0.649502526497462
vnf1-dup7,70.0,0.6377867892385787
vnf2-dup11,70.0,0.6347208008121827
user2,70.0,0.25641849214317985
user1,70.0,0.29610441410642574
vnf1-dup12,70.0,0.6059118224448898
webserver,70.0,0.0790342751438579
webserver2,70.0,0.09107330436577432
vnf2-dup8,75.0,0.6724466895431472
vnf1,75.0,0.7005888201015228
vnf2,75.0,0.7088784920763918
vnf1-dup9,75.0,0.6292970211296222
vnf2-dup6,75.0,0.6849390111788618
vnf2-dup10,75.0,0.6275406392276424
vnf1-dup7,75.0,0.6708570148253452
vnf2-dup11,75.0,0.6760560406173842
user2,75.0,0.6418452828171276
user1,75.0,0.6128565624748895
vnf1-dup12,75.0,0.6286602472924188
webserver,75.0,0.07440027977336969
webserver2,75.0,0.06553518230482527
vnf2-dup8,80.0,0.6825101127530364
vnf1,80.0,0.7252024192307692
vnf2,80.0,0.6802956559335764
vnf1-dup9,80.0,0.7562373317132443
vnf2-dup6,80.0,0.7293903064614139
vnf2-dup10,80.0,0.7345553872797246
vnf1-dup7,80.0,0.7089823896419178
vnf2-dup11,80.0,0.6901274436576977
user2,80.0,0.5431153005873199
user1,80.0,0.8420577096612296
vnf1-dup12,80.0,0.7296170020052135
webserver,80.0,0.07919845837190102
webserver2,80.0,0.1410251911039952
vnf2-dup8,85.0,0.6027015941499086
vnf1,85.0,0.5762136804793825
vnf2,85.0,0.5630862838578681
vnf1-dup9,85.0,0.558862934213198
vnf2-dup6,85.0,0.5509146233739838
vnf2-dup10,85.0,0.564004055487805
vnf1-dup7,85.0,0.58287280658269
vnf2-dup11,85.0,0.5902478579845591
user2,85.0,0.23050353707515436
user1,85.0,0.7471762565250188
vnf1-dup12,85.0,0.5542994582080577
webserver,85.0,0.13493226997731914
webserver2,85.0,0.1687856338358207
vnf2-dup8,90.0,0.7278994197080293
vnf1,90.0,0.7451135312246553
vnf2,90.0,0.7414604310344828
vnf1-dup9,90.0,0.737079094117647
vnf2-dup6,90.0,0.6657270212938552
vnf2-dup10,90.0,0.7277631170148042
vnf1-dup7,90.0,0.7525760509127789
vnf2-dup11,90.0,0.6564908596348885
user2,90.0,0.7174096314759035
user1,90.0,0.41466886845139617
vnf1-dup12,90.0,0.6896184714859438
webserver,90.0,0.18629333158150974
webserver2,90.0,0.2178910694071679
vnf2-dup8,95.0,0.6879366246953696
vnf1,95.0,0.7136677376116978
vnf2,95.0,0.6767167712312069
vnf1-dup9,95.0,0.7021738994311256
vnf2-dup6,95.0,0.7398578556345178
vnf2-dup10,95.0,0.6730152178680203
vnf1-dup7,95.0,0.6891485352570615
vnf2-dup11,95.0,0.7758585519203415
user2,95.0,0.18546166763789812
user1,95.0,0.6254485087692849
vnf1-dup12,95.0,0.683854164863782
webserver,95.0,0.2041604111503052
webserver2,95.0,0.15861352850745522
vnf2-dup8,100.0,0.6449169601053057
vnf1,100.0,0.6146820477926287
vnf2,100.0,0.6413087410858995
vnf1-dup9,100.0,0.66801052410859
vnf2-dup6,100.0,0.7054530591931887
vnf2-dup10,100.0,0.7186904409081695
vnf1-dup7,100.0,0.6451357815160114
vnf2-dup11,100.0,0.6582488737332793
user2,100.0,0.2262199686543959
user1,100.0,0.7794622181699609
vnf1-dup12,100.0,0.6705693654771452
webserver,100.0,0.12461688623046875
webserver2,100.0,0.05222606139823718
vnf2-dup8,105.0,0.7191402960259529
vnf1,105.0,0.7145985265612328
vnf2,105.0,0.7754513954148914
vnf1-dup9,105.0,0.6843984455264759
vnf2-dup6,105.0,0.65990670148043
vnf2-dup10,105.0,0.6850942891908335
vnf1-dup7,105.0,0.7295860251623377
vnf2-dup11,105.0,0.6932426828327922
user2,105.0,0.5288339807672994
user1,105.0,0.41114569309167587
vnf1-dup12,105.0,0.6445179378632993
webserver,105.0,0.17413864099776302
webserver2,105.0,0.23799597440607856
vnf2-dup8,110.0,0.7109488935523115
vnf1,110.0,0.7036496232765612
vnf2,110.0,0.6842190549695741
vnf1-dup9,110.0,0.7242799064908723
vnf2-dup6,110.0,0.7046275496245179
vnf2-dup10,110.0,0.6653338627968337
vnf1-dup7,110.0,0.7138826742439618
vnf2-dup11,110.0,0.7136188234219606
user2,110.0,0.7432960124993725
user1,110.0,0.48562248544176706
vnf1-dup12,110.0,0.7339282113495087
webserver,110.0,0.19473131067997598
webserver2,110.0,0.08560492287100971
vnf2-dup8,115.0,0.701852592019544
vnf1,115.0,0.7009771836319217
vnf2,115.0,0.7063314189739414
vnf1-dup9,115.0,0.7355659450325733
vnf2-dup6,115.0,0.7447818836119038
vnf2-dup10,115.0,0.6820831479820628
vnf1-dup7,115.0,0.7299002495420314
vnf2-dup11,115.0,0.6774272202320375
user2,115.0,0.6931428214519294
user1,115.0,0.4607365616321191
vnf1-dup12,115.0,0.6894504590854392
webserver,115.0,0.07055688925998198
webserver2,115.0,0.1880041015836085
vnf2-dup8,120.0,0.7033973597573306
vnf1,120.0,0.7028311308392315
vnf2,120.0,0.6554004733009708
vnf1-dup9,120.0,0.6511529025080905
vnf2-dup6,120.0,0.6728432438234102
vnf2-dup10,120.0,0.7059740664236532
vnf1-dup7,120.0,0.6725652846730107
vnf2-dup11,120.0,0.7113585628669771
user2,120.0,0.30790818577728774
user1,120.0,0.22521294513478304
vnf1-dup12,120.0,0.6212510004009623
webserver,120.0,0.15055557574504866
webserver2,120.0,0.11449008405677277
vnf2-dup8,125.0,0.5622511058512799
vnf1,125.0,0.6398211976838684
vnf2,125.0,0.6442772805448261
vnf1-dup9,125.0,0.637812550518398
vnf2-dup6,125.0,0.6223825877210816
vnf2-dup10,125.0,0.6545029353527139
vnf1-dup7,125.0,0.6255435761024183
vnf2-dup11,125.0,0.6362527831741516
user2,125.0,0.25530695107848556
user1,125.0,0.3464675379393574
vnf1-dup12,125.0,0.6285084190056134
webserver,125.0,0.062391667723969126
webserver2,125.0,0.07020654819051425
vnf2-dup8,130.0,0.621811523354996
vnf1,130.0,0.5128350834687246
vnf2,130.0,0.5471675027411168
vnf1-dup9,130.0,0.5746395829441624
vnf2-dup6,130.0,0.6090188783262238
vnf2-dup10,130.0,0.61438146272598
vnf1-dup7,130.0,0.5284843437626981
vnf2-dup11,130.0,0.6174116093051605
user2,130.0,0.6692180300947986
user1,130.0,0.5304138389265112
vnf1-dup12,130.0,0.5759582558699579
webserver,130.0,0.10015136084112033
webserver2,130.0,0.12048635785141543
vnf2-dup8,135.0,0.6557363388259526
vnf1,135.0,0.7037280966014419
vnf2,135.0,0.7247218592913062
vnf1-dup9,135.0,0.7113514441697569
vnf2-dup6,135.0,0.6292215656919276
vnf2-dup10,135.0,0.6563220599258649
vnf1-dup7,135.0,0.7188659591752578
vnf2-dup11,135.0,0.6131546230927835
user2,135.0,0.8060040250252269
user1,135.0,1.007204102915952
vnf1-dup12,135.0,0.6540670781281382
webserver,135.0,0.04421479287608848
webserver2,135.0,0.21835151466319686
vnf2-dup8,140.0,0.756945852027166
vnf1,140.0,0.7481374550318997
vnf2,140.0,0.6980020385169928
vnf1-dup9,140.0,0.6734706286302781
vnf2-dup6,140.0,0.6780427430098684
vnf2-dup10,140.0,0.7209909331825658
vnf1-dup7,140.0,0.7149886549310274
vnf2-dup11,140.0,0.6967263551575047
user2,140.0,0.388401705612887
user1,140.0,0.9890465980569818
vnf1-dup12,140.0,0.6779296440201005
webserver,140.0,0.08863308893119731
webserver2,140.0,0.284509686085399
vnf2-dup8,145.0,0.70559799256352
vnf1,145.0,0.7604213734765544
vnf2,145.0,0.7702250406772662
vnf1-dup9,145.0,0.7743547109229816
vnf2-dup6,145.0,0.8287040590177466
vnf2-dup10,145.0,0.6873090959554271
vnf1-dup7,145.0,0.7914309023332645
vnf2-dup11,145.0,0.7870121569275242
user2,145.0,0.7934723349954669
user1,145.0,0.796201689184424
vnf1-dup12,145.0,0.715293404340836
webserver,145.0,0.13122062067456744
webserver2,145.0,0.13360085887338732
vnf2-dup8,150.0,0.6402920421637186
vnf1,150.0,0.5885849273961333
vnf2,150.0,0.59104568135035
vnf1-dup9,150.0,0.601646750102923
vnf2-dup6,150.0,0.5520978860551213
vnf2-dup10,150.0,0.5916083767996708
vnf1-dup7,150.0,0.5920435688733553
vnf2-dup11,150.0,0.6217721870888159
user2,150.0,0.3301142895624591
user1,150.0,0.2959109636418572
vnf1-dup12,150.0,0.5624120576884422
webserver,150.0,0.23639639007393876
webserver2,150.0,0.08863394600342796
vnf2-dup8,155.0,0.5891541308911299
vnf1,155.0,0.6450092416135007
vnf2,155.0,0.6313632440280066
vnf1-dup9,155.0,0.6572281534184514
vnf2-dup6,155.0,0.6757463267449043
vnf2-dup10,155.0,0.6895614395717521
vnf1-dup7,155.0,0.6582783992998352
vnf2-dup11,155.0,0.6187190949341022
user2,155.0,0.3975817356038088
user1,155.0,0.2845398170369251
vnf1-dup12,155.0,0.5924172485456369
webserver,155.0,0.09568799208714161
webserver2,155.0,0.203500686703393
vnf2-dup8,160.0,0.7876706417045926
vnf1,160.0,0.7833470999172528
vnf2,160.0,0.7695346188210962
vnf1-dup9,160.0,0.7414891195449845
vnf2-dup6,160.0,0.7122933681818182
vnf2-dup10,160.0,0.7292148559917356
vnf1-dup7,160.0,0.7664459830368225
vnf2-dup11,160.0,0.71179145510964
user2,160.0,0.3258896513553077
user1,160.0,0.33239748964855587
vnf1-dup12,160.0,0.74232005991154
webserver,160.0,0.09636438587275978
webserver2,160.0,0.04458034690278768
vnf2-dup8,165.0,0.7963260856553147
vnf1,165.0,0.7712693265221878
vnf2,165.0,0.7913518860681114
vnf1-dup9,165.0,0.7788235046439629
vnf2-dup6,165.0,0.8101547739938081
vnf2-dup10,165.0,0.772507715376677
vnf1-dup7,165.0,0.7678371989258417
vnf2-dup11,165.0,0.776864260896509
user2,165.0,0.36855947332090494
user1,165.0,0.49726951380352646
vnf1-dup12,165.0,0.7596424234632383
webserver,165.0,0.13826032395494367
webserver2,165.0,0.10937671958698374
vnf2-dup8,170.0,0.3649754404664484
vnf1,170.0,0.3928395967675941
vnf2,170.0,0.36210848454452405
vnf1-dup9,170.0,0.4069805424769703
vnf2-dup6,170.0,0.4184328856382979
vnf2-dup10,170.0,0.4138297780278233
vnf1-dup7,170.0,0.41639376770364306
vnf2-dup11,170.0,0.4423249995906672
user2,170.0,0.30356657407314247
user1,170.0,0.9725823373899924
vnf1-dup12,170.0,0.3741372371589085
webserver,170.0,0.03674270820201111
webserver2,170.0,0.1362774518985442
vnf2-dup8,175.0,0.9820941451879388
vnf1,175.0,1.033684395291202
vnf2,175.0,1.033897922743235
vnf1-dup9,175.0,1.033897922743235
vnf2-dup6,175.0,0.9257684895811842
vnf2-dup10,175.0,0.973468095523004
vnf1-dup7,175.0,1.0332576065235344
user2,175.0,0.4464195708026992
user1,175.0,0.41457052889940593
vnf1-dup12,175.0,0.10124124024024024
webserver,175.0,0.12901755963601316
webserver2,175.0,0.0796315063146959
vnf2-dup8,180.0,0.9577426404073998
vnf1,180.0,1.0350446541259612
vnf2,180.0,1.0370923848390448
vnf1-dup9,180.0,1.0113395302180685
vnf2-dup6,180.0,0.9383433358937098
vnf2-dup10,180.0,0.9504878235416234
vnf1-dup7,180.0,0.9964493031561462
user2,180.0,0.3801870029820571
user1,180.0,0.2634286826038613
vnf1-dup12,180.0,0.0
webserver,180.0,0.15157346657240456
webserver2,180.0,0.37878601721743266
vnf2-dup8,185.0,0.7757825146210874
vnf1,185.0,0.8080518708813839
vnf2,185.0,0.8152974861025325
vnf1-dup9,185.0,0.8182005118385836
vnf2-dup6,185.0,0.7792798131687243
vnf2-dup10,185.0,0.7804526522633746
vnf1-dup7,185.0,0.8187281105165672
user2,185.0,0.1421574025647473
user1,185.0,0.18601609315895373
vnf1-dup12,185.0,0.0
webserver,185.0,0.19482199663392355
webserver2,185.0,0.2967002413939811
vnf2-dup8,190.0,0.6709452382612262
vnf1,190.0,0.7109288318638507
vnf2,190.0,0.6777732040188641
vnf1-dup9,190.0,0.7055771824892352
vnf2-dup6,190.0,0.7363524432377049
vnf2-dup10,190.0,0.6850204762295081
vnf1-dup7,190.0,0.7357596694689358
user2,190.0,0.31423682285743043
user1,190.0,0.17084905863405303
vnf1-dup12,190.0,0.0
webserver,190.0,0.06361270896922692
webserver2,190.0,0.15306479767325495
vnf2-dup8,195.0,0.6200697580545865
vnf1,195.0,0.7276010486353376
vnf2,195.0,0.6375282120714432
vnf1-dup9,195.0,0.7164237138164647
vnf2-dup6,195.0,0.6223292852163215
vnf2-dup10,195.0,0.6232724875948329
vnf1-dup7,195.0,0.7059897253333334
user2,195.0,1.0065425137393054
user1,195.0,0.392109495068438
vnf1-dup12,195.0,0.0
webserver,195.0,0.11588350008757445
webserver2,195.0,0.1067857670895261
vnf2-dup8,200.0,0.6175578651915591
vnf1,200.0,0.6090350194632248
vnf2,200.0,0.5787704790983607
vnf1-dup9,200.0,0.5869262143442623
vnf2-dup6,200.0,0.6145666730178242
vnf2-dup10,200.0,0.5788977527146076
vnf1-dup7,200.0,0.5854362826710364
user2,200.0,1.00613742650166
user1,200.0,0.7357854390661166
vnf1-dup12,200.0,0.0
webserver,200.0,0.0990393267537276
webserver2,200.0,0.04213949727309116
vnf2-dup8,205.0,0.8901037029045643
vnf1,205.0,0.9865144877593361
vnf2,205.0,0.89348679630782
vnf1-dup9,205.0,1.0245384418170504
vnf2-dup6,205.0,0.85568226026545
vnf2-dup10,205.0,0.9341559191206968
vnf1-dup7,205.0,1.0218464373443983
user2,205.0,1.0090435830849291
user1,205.0,0.42099413214790865
vnf1-dup12,205.0,0.0
webserver,205.0,0.11468639947159512
webserver2,205.0,0.12020835533350863
vnf2-dup8,210.0,0.9536787212435233
vnf1,210.0,1.0281657664248705
vnf2,210.0,0.9654857754298736
vnf1-dup9,210.0,1.0372902057178373
vnf2-dup6,210.0,0.9756980026887281
vnf2-dup10,210.0,0.9589865255429163
vnf1-dup7,210.0,1.019846818915563
user2,210.0,0.865695842487151
user1,210.0,0.35639203245149914
vnf1-dup12,210.0,0.0
webserver,210.0,0.058536767858929466
webserver2,210.0,0.12828664182091046
vnf2-dup8,215.0,0.9707003402403647
vnf1,215.0,1.0341276067136345
vnf2,215.0,0.9592984300539642
vnf1-dup9,215.0,1.035844712743877
vnf2-dup6,215.0,0.9609614260256941
vnf2-dup10,215.0,0.96578944053046
vnf1-dup7,215.0,1.0354149016597511
user2,215.0,0.5794996097043215
user1,215.0,0.8548597273186758
vnf1-dup12,215.0,0.0
webserver,215.0,0.09215406476962736
webserver2,215.0,0.08208073597867709
vnf2-dup8,220.0,0.9641707640264026
vnf1,220.0,1.031641882219472
vnf2,220.0,0.958766472359736
vnf1-dup9,220.0,1.0316418820132014
vnf2-dup6,220.0,0.9746853424798845
vnf2-dup10,220.0,0.9610274097379822
vnf1-dup7,220.0,1.0322806691434467
user2,220.0,0.4466824449090634
user1,220.0,0.33399182915889736
vnf1-dup12,220.0,0.0
webserver,220.0,0.08323476253007217
webserver2,220.0,0.1611267024483761
vnf2-dup8,225.0,0.9474432705154638
vnf1,225.0,1.0276494525773197
vnf2,225.0,0.9600370684253916
vnf1-dup9,225.0,1.0321310484336357
vnf2-dup6,225.0,0.9652577024742268
vnf2-dup10,225.0,0.9761443000000001
vnf1-dup7,225.0,1.0327696112600535
user2,225.0,0.7451854716363819
user1,225.0,0.2635928877535612
vnf1-dup12,225.0,0.0
webserver,225.0,0.13581928952697636
webserver2,225.0,0.14538226750087505
vnf2-dup8,230.0,0.9349472091868405
vnf1,230.0,0.9556796712187048
vnf2,230.0,0.9389577863937137
vnf1-dup9,230.0,0.9597394236972705
vnf2-dup6,230.0,0.906823791356493
vnf2-dup10,230.0,0.882526853598015
vnf1-dup7,230.0,0.9744825838162252
user2,230.0,0.5257891995965708
user1,230.0,0.2811620463004993
vnf1-dup12,230.0,0.0
webserver,230.0,0.163349932180485
webserver2,230.0,0.08522235202332391
vnf2-dup8,235.0,0.7636231674948241
vnf1,235.0,0.8177846530020704
vnf2,235.0,0.7627926020302466
vnf1-dup9,235.0,0.8330847056142532
vnf2-dup6,235.0,0.7793873938327814
vnf2-dup10,235.0,0.7597061012003311
vnf1-dup7,235.0,0.8406049038740419
user2,235.0,0.4562165363094637
user1,235.0,0.40698049621173854
vnf1-dup12,235.0,0.0
webserver,235.0,0.18211640332549295
webserver2,235.0,0.09345911240116105
vnf2-dup8,240.0,0.8328662431485678
vnf1,240.0,0.8836183513290748
vnf2,240.0,0.8285861220115416
vnf1-dup9,240.0,0.9031533103874692
vnf2-dup6,240.0,0.8126235325370675
vnf2-dup10,240.0,0.8496292977759472
vnf1-dup7,240.0,0.8968678879043891
user2,240.0,0.3541767248389694
user1,240.0,0.9207968465640406
vnf1-dup12,240.0,0.0
webserver,240.0,0.08390306166357576
webserver2,240.0,0.20004510886672347
vnf2-dup8,245.0,0.9463077285478548
vnf1,245.0,0.9968027766089109
vnf2,245.0,0.9484216767072415
vnf1-dup9,245.0,0.9646997868784815
vnf2-dup6,245.0,0.9568716186545604
vnf2-dup10,245.0,0.9266817728023112
vnf1-dup7,245.0,0.9544047590262018
user2,245.0,0.7020959186316003
user1,245.0,0.5684709114504586
vnf1-dup12,245.0,0.0
webserver,245.0,0.1642466181366056
webserver2,245.0,0.07148426690075725
vnf2-dup8,250.0,0.7766405055716054
vnf1,250.0,0.8461411213371852
vnf2,250.0,0.8061106277869529
vnf1-dup9,250.0,0.8250412627993393
vnf2-dup6,250.0,0.7845709333745875
vnf2-dup10,250.0,0.7744842992986799
vnf1-dup7,250.0,0.843779632143594
user2,250.0,0.29140147768419994
user1,250.0,0.3859080988046603
vnf1-dup12,250.0,0.0
webserver,250.0,0.2535135113238238
webserver2,250.0,0.16200450304054054
vnf2-dup8,255.0,0.7686137190456602
vnf1,255.0,0.8109214082682024
vnf2,255.0,0.7349166993625335
vnf1-dup9,255.0,0.7751799097265062
vnf2-dup6,255.0,0.7653434594816947
vnf2-dup10,255.0,0.77371450123406
vnf1-dup7,255.0,0.7858053682369883
user2,255.0,0.848038265273231
user1,255.0,0.6071903226082578
vnf1-dup12,255.0,0.0
webserver,255.0,0.1776401385135135
webserver2,255.0,0.07106356287537537
vnf2-dup8,260.0,0.7067525925925926
vnf1,260.0,0.801186802537344
vnf2,260.0,0.7165813531218014
vnf1-dup9,260.0,0.8280245441146366
vnf2-dup6,260.0,0.7276242934315531
vnf2-dup10,260.0,0.7229588532842235
vnf1-dup7,260.0,0.8359377993454694
user2,260.0,0.9088468779028853
user1,260.0,0.3691487717833979
vnf1-dup12,260.0,0.0
webserver,260.0,0.1481277589921307
webserver2,260.0,0.14648634318349577
vnf2-dup8,265.0,0.9658606327868853
vnf1,265.0,1.0245901385245901
vnf2,265.0,0.9623719557558378
vnf1-dup9,265.0,1.0241703971732896
vnf2-dup6,265.0,0.9504712895491803
vnf2-dup10,265.0,0.9479507971311476
vnf1-dup7,265.0,1.0241703973781238
user2,265.0,0.2637548379711166
user1,265.0,0.4030190138874912
vnf1-dup12,265.0,0.0
webserver,265.0,0.03586149786881958
webserver2,265.0,0.25773492868067394
vnf2-dup8,270.0,0.9455903198281154
vnf1,270.0,1.023122546552077
vnf2,270.0,0.9303067284253579
vnf1-dup9,270.0,1.0224948652351737
vnf2-dup6,270.0,0.9611258747185262
vnf2-dup10,270.0,0.9702149222108496
vnf1-dup7,270.0,1.0231225471659506
user2,270.0,0.3586158275324414
user1,270.0,0.28351692168401993
vnf1-dup12,270.0,0.0
webserver,270.0,0.2598540851738957
webserver2,270.0,0.20831251031880874
vnf2-dup8,275.0,0.9678732774578364
vnf1,275.0,1.0283833525298232
vnf2,275.0,1.0046717168141592
vnf1-dup9,275.0,1.0290182883309322
vnf2-dup6,275.0,0.9697549664401894
vnf2-dup10,275.0,0.9598517337862879
vnf1-dup7,275.0,1.027960497944079
user2,275.0,0.6033647220067496
user1,275.0,0.1840201473047859
vnf1-dup12,275.0,0.0
webserver,275.0,0.09048632043901585
webserver2,275.0,0.1680975127524842
vnf2-dup8,280.0,0.9582358746666666
vnf1,280.0,1.0256409991794873
vnf2,280.0,0.9484400408456486
vnf1-dup9,280.0,1.0262725513136288
vnf2-dup6,280.0,0.9490155627563577
vnf2-dup10,280.0,0.9647456687858901
vnf1-dup7,280.0,1.024800138348022
user2,280.0,0.22538755365411717
user1,280.0,0.38742011170935436
vnf1-dup12,280.0,0.0
webserver,280.0,0.17460706614776253
webserver2,280.0,0.23586194601561716
vnf2-dup8,285.0,0.7414439997960433
vnf1,285.0,0.7832551329798083
vnf2,285.0,0.7229561539245668
vnf1-dup9,285.0,0.7966156821610602
vnf2-dup6,285.0,0.7446869127065062
vnf2-dup10,285.0,0.7342443263308179
vnf1-dup7,285.0,0.7854667586628618
user2,285.0,0.8673939182083249
user1,285.0,0.3455322098200824
vnf1-dup12,285.0,0.0
webserver,285.0,0.14817771091120646
webserver2,285.0,0.03526968321092997
vnf2-dup8,290.0,0.9666734814282782
vnf1,290.0,1.0259593406525753
vnf2,290.0,0.9781127954871796
vnf1-dup9,290.0,1.0255384346666667
vnf2-dup6,290.0,0.9434577274405249
vnf2-dup10,290.0,0.9729901304347826
vnf1-dup7,290.0,1.0249077230422305
user2,290.0,0.45851079232744296
user1,290.0,0.3747847475957908
vnf1-dup12,290.0,0.0
webserver,290.0,0.11318176599391899
webserver2,290.0,0.2699665896197495
vnf2-dup8,295.0,0.8417471521068859
vnf1,295.0,0.9211304996916752
vnf2,295.0,0.8276613025071927
vnf1-dup9,295.0,0.89938345540485
vnf2-dup6,295.0,0.8540312422871246
vnf2-dup10,295.0,0.8407239609214315
vnf1-dup7,295.0,0.9086536244604316
user2,295.0,0.44451947150128507
user1,295.0,0.1332594204293489
vnf1-dup12,295.0,0.0
webserver,295.0,0.08469787305579539
webserver2,295.0,0.05573782739592327
vnf2-dup8,300.0,0.9573780329285861
vnf1,300.0,0.9940934058448241
vnf2,300.0,0.9596335650473445
vnf1-dup9,300.0,1.008110303211198
vnf2-dup6,300.0,0.9111979973240016
vnf2-dup10,300.0,0.9333058596130095
vnf1-dup7,300.0,1.011300916838205
user2,300.0,0.26019827356449093
user1,300.0,0.6842184629750817
vnf1-dup12,300.0,0.0
webserver,300.0,0.13526040387166205
webserver2,300.0,0.25787471296643893
vnf2-dup8,305.0,0.8570198616519779
vnf1,305.0,0.9174625724533716
vnf2,305.0,0.8750769027692308
vnf1-dup9,305.0,0.9532307452307692
vnf2-dup6,305.0,0.8837843175481754
vnf2-dup10,305.0,0.8711561920869209
vnf1-dup7,305.0,0.9147685159770585
user2,305.0,0.7201308406139909
user1,305.0,0.8820468845728088
vnf1-dup12,305.0,0.0
webserver,305.0,0.1081043188541823
webserver2,305.0,0.2329378764954698
vnf2-dup8,310.0,0.779975410933661
vnf1,310.0,0.8583742635135135
vnf2,310.0,0.7849067999180831
vnf1-dup9,310.0,0.8061642240425968
vnf2-dup6,310.0,0.7773797150460593
vnf2-dup10,310.0,0.7701739848515865
vnf1-dup7,310.0,0.842084763465083
user2,310.0,0.3043972583014691
user1,310.0,0.48937175594788995
vnf1-dup12,310.0,0.0
webserver,310.0,0.14101076302301976
webserver2,310.0,0.347151034824125
vnf2-dup8,315.0,0.8162738067226891
vnf1,315.0,0.8070711012502562
vnf2,315.0,0.8239999805128205
vnf1-dup9,315.0,0.8673230543589743
vnf2-dup6,315.0,0.8454153628717949
vnf2-dup10,315.0,0.831815363076923
vnf1-dup7,315.0,0.8362517728111544
user2,315.0,0.5303030235075002
user1,315.0,0.3193860040261701
vnf1-dup12,315.0,0.0
webserver,315.0,0.09147205375417027
webserver2,315.0,0.11975109550049355
vnf2-dup8,320.0,0.5532843612811097
vnf1,320.0,0.6531415597715219
vnf2,320.0,0.5332177703915171
vnf1-dup9,320.0,0.6127854667618271
vnf2-dup6,320.0,0.5407543208970438
vnf2-dup10,320.0,0.5695208860346586
vnf1-dup7,320.0,0.6618960091743119
user2,320.0,0.9524599136137495
user1,320.0,0.11912156218905473
vnf1-dup12,320.0,0.0
webserver,320.0,0.15733780194874233
webserver2,320.0,0.022156624585673367
vnf2-dup8,325.0,0.9497942980255039
vnf1,325.0,1.0279719997943233
vnf2,325.0,0.9812628284656519
vnf1-dup9,325.0,1.027972
vnf2-dup6,325.0,0.9428777027583368
vnf2-dup10,325.0,0.9378756428571429
vnf1-dup7,325.0,1.0279719997943233
user2,325.0,0.6670362239580708
user1,325.0,0.19840741517992136
vnf1-dup12,325.0,0.0
webserver,325.0,0.04959074807889665
webserver2,325.0,0.1360366431879052
vnf2-dup8,330.0,0.9700880729358737
vnf1,330.0,1.0247899764392543
vnf2,330.0,0.9428805355459946
vnf1-dup9,330.0,1.0247899762343782
vnf2-dup6,330.0,0.951321968846075
vnf2-dup10,330.0,0.985099381430621
vnf1-dup7,330.0,1.0245800651372388
user2,330.0,0.38382322740084557
user1,330.0,0.23015545288524425
vnf1-dup12,330.0,0.0
webserver,330.0,0.11000125034413716
webserver2,330.0,0.13189337871355275
vnf2-dup8,335.0,0.8990143503080082
vnf1,335.0,0.9420328297741274
vnf2,335.0,0.881799484387839
vnf1-dup9,335.0,0.9502875673788004
vnf2-dup6,335.0,0.902034501027538
vnf2-dup10,335.0,0.8794286648170981
vnf1-dup7,335.0,0.9171868355236139
user2,335.0,0.46527651128236125
user1,335.0,0.2504707675343638
vnf1-dup12,335.0,0.0
webserver,335.0,0.2919053495376453
webserver2,335.0,0.12521490925585296
vnf2-dup8,340.0,0.9467558963954686
vnf1,340.0,1.0280329277033986
vnf2,340.0,0.9529338838789376
vnf1-dup9,340.0,1.0284331610047355
vnf2-dup6,340.0,0.9651483656224237
vnf2-dup10,340.0,0.9654162955482275
vnf1-dup7,340.0,1.027821224258649
user2,340.0,0.3350718729886507
user1,340.0,0.4042778522927912
vnf1-dup12,340.0,0.0
webserver,340.0,0.21776713774608705
webserver2,340.0,0.3356909201368438
vnf2-dup8,345.0,0.9418976952146231
vnf1,345.0,0.9924419527623742
vnf2,345.0,0.9313193345663789
vnf1-dup9,345.0,0.9847102075626798
vnf2-dup6,345.0,0.9499075526802219
vnf2-dup10,345.0,0.9228588780036969
vnf1-dup7,345.0,1.011868556057495
user2,345.0,0.6916972858365641
user1,345.0,0.2653942952966059
vnf1-dup12,345.0,0.0
webserver,345.0,0.06917644609846639
webserver2,345.0,0.1228867461222143
vnf2-dup8,350.0,0.8672077026915964
vnf1,350.0,0.9286007563180605
vnf2,350.0,0.8683929071105632
vnf1-dup9,350.0,0.9303534471845458
vnf2-dup6,350.0,0.854692932840419
vnf2-dup10,350.0,0.8718833199835696
vnf1-dup7,350.0,0.9230279118734593
user2,350.0,0.2471032319927518
user1,350.0,0.2586120022663175
vnf1-dup12,350.0,0.0
webserver,350.0,0.09031337506257509
webserver2,350.0,0.17200140003003606
vnf2-dup8,355.0,0.8564896225138404
vnf1,355.0,0.9156653426286652
vnf2,355.0,0.8563934200819673
vnf1-dup9,355.0,0.9094057135245901
vnf2-dup6,355.0,0.877112364438064
vnf2-dup10,355.0,0.8805578102953241
vnf1-dup7,355.0,0.9335658336068938
user2,355.0,0.5257398754278236
user1,355.0,0.2270093507695403
vnf1-dup12,355.0,0.0
webserver,355.0,0.07820843166520705
webserver2,355.0,0.33273363929688476
vnf2-dup8,360.0,0.9279662502570429
vnf1,360.0,0.98949205490438
vnf2,360.0,0.9390705056549455
vnf1-dup9,360.0,0.9728356703680855
vnf2-dup6,360.0,0.9336281106540519
vnf2-dup10,360.0,0.9223570277663512
vnf1-dup7,360.0,0.9825827396668723
user2,360.0,0.4181635040273863
user1,360.0,0.5388472096652404
vnf1-dup12,360.0,0.0
webserver,360.0,0.16778464539584012
webserver2,360.0,0.21069005844367134
vnf2-dup8,365.0,0.5099062270688952
vnf1,365.0,0.5204035754178556
vnf2,365.0,0.511699946799837
vnf1-dup9,365.0,0.5362617066856911
vnf2-dup6,365.0,0.49710557419486345
vnf2-dup10,365.0,0.5597635438238892
vnf1-dup7,365.0,0.5367916718304118
user2,365.0,0.3987136276066529
user1,365.0,0.801547420920418
vnf1-dup12,365.0,0.0
webserver,365.0,0.03528528667575716
webserver2,365.0,0.20046286284198808
vnf2-dup8,370.0,0.8981720866707743
vnf1,370.0,1.0159786147052783
vnf2,370.0,0.9255957031635168
vnf1-dup9,370.0,0.9997534667214462
vnf2-dup6,370.0,0.8981523089714638
vnf2-dup10,370.0,0.8529870457811537
vnf1-dup7,370.0,1.0100821102669404
user2,370.0,0.3156679888625712
user1,370.0,0.6998437335551186
vnf1-dup12,370.0,0.0
webserver,370.0,0.20760396164239603
webserver2,370.0,0.07566181196517038
vnf2-dup8,375.0,0.9257569339198036
vnf1,375.0,0.9919598788870704
vnf2,375.0,0.9406307378660659
vnf1-dup9,375.0,0.9950030477165677
vnf2-dup6,375.0,0.9352495685351883
vnf2-dup10,375.0,0.919107998772504
vnf1-dup7,375.0,1.0011458741559238
user2,375.0,0.36435284729831613
user1,375.0,0.6588814548012664
vnf1-dup12,375.0,0.0
webserver,375.0,0.2311779627200941
webserver2,375.0,0.1423168838553855
vnf2-dup8,380.0,0.9907239543397778
vnf1,380.0,1.028198243315508
vnf2,380.0,0.9372197974501337
vnf1-dup9,380.0,1.0279868110220027
vnf2-dup6,380.0,0.9511924072779606
vnf2-dup10,380.0,0.9842310573601974
vnf1-dup7,380.0,1.0275642059609456
user2,380.0,0.26082707404422506
user1,380.0,0.3628286435478997
vnf1-dup12,380.0,0.0
webserver,380.0,0.2648668241088415
webserver2,380.0,0.334099325748473
vnf2-dup8,385.0,0.9056288402061856
vnf1,385.0,0.9575463639175258
vnf2,385.0,0.9101813446001649
vnf1-dup9,385.0,0.9757007157873042
vnf2-dup6,385.0,0.9192743512677798
vnf2-dup10,385.0,0.884745390847248
vnf1-dup7,385.0,0.9718672440230832
user2,385.0,0.4607502954820492
user1,385.0,0.655892280318693
vnf1-dup12,385.0,0.0
webserver,385.0,0.15028526965617336
webserver2,385.0,0.11859266189129673
vnf2-dup8,390.0,0.8509105573971761
vnf1,390.0,0.9352158555350931
vnf2,390.0,0.8537737568009818
vnf1-dup9,390.0,0.9218858433217427
vnf2-dup6,390.0,0.8560122498977506
vnf2-dup10,390.0,0.887668690184049
vnf1-dup7,390.0,0.9212548311874106
user2,390.0,0.1838187996183206
user1,390.0,0.3867604165243596
vnf1-dup12,390.0,0.0
webserver,390.0,0.07891786301866961
webserver2,390.0,0.14250713106261576
vnf2-dup8,395.0,0.8167930902193972
vnf1,395.0,0.8574328261226164
vnf2,395.0,0.8155377452791461
vnf1-dup9,395.0,0.8568349521756979
vnf2-dup6,395.0,0.7920885234679238
vnf2-dup10,395.0,0.7698913525312564
vnf1-dup7,395.0,0.8573303040803774
user2,395.0,0.474852675547721
user1,395.0,0.49823199778371025
vnf1-dup12,395.0,0.0
webserver,395.0,0.07049887956556013
webserver2,395.0,0.18985222373903576
vnf2-dup8,400.0,0.8866049141975308
vnf1,400.0,0.924711909053498
vnf2,400.0,0.8894693329905389
vnf1-dup9,400.0,0.9847181970382559
vnf2-dup6,400.0,0.9337857055315649
vnf2-dup10,400.0,0.9105078918363151
vnf1-dup7,400.0,0.9816779514702859
user2,400.0,0.3215030425124666
user1,400.0,0.6797542208400484
vnf1-dup12,400.0,0.0
webserver,400.0,0.04988035978352104
webserver2,400.0,0.11837690764566604
vnf2-dup8,405.0,0.8630586088560886
vnf1,405.0,0.9550635256252562
vnf2,405.0,0.8656544702503077
vnf1-dup9,405.0,0.9248666153057037
vnf2-dup6,405.0,0.8560680389503895
vnf2-dup10,405.0,0.903956516400164
vnf1-dup7,405.0,0.921197188396884
user2,405.0,0.3230505865592751
user1,405.0,0.3610655061684878
vnf1-dup12,405.0,0.0
webserver,405.0,0.14592567449156885
webserver2,405.0,0.06542668137898276
vnf2-dup8,410.0,0.9229538219487179
vnf1,410.0,0.980492282051282
vnf2,410.0,0.9088186802707138
vnf1-dup9,410.0,0.9761279489335521
vnf2-dup6,410.0,0.9494257348236259
vnf2-dup10,410.0,0.9045118722313371
vnf1-dup7,410.0,0.9739638649979483
user2,410.0,0.6820417294443047
user1,410.0,0.4576327363736927
vnf1-dup12,410.0,0.0
webserver,410.0,0.136899010061319
webserver2,410.0,0.14220497928920037
vnf2-dup8,415.0,0.8717516206825658
vnf1,415.0,0.9444284284539474
vnf2,415.0,0.8888728681612504
vnf1-dup9,415.0,0.9434388883175647
vnf2-dup6,415.0,0.8660016236116824
vnf2-dup10,415.0,0.9181612268613739
vnf1-dup7,415.0,0.9511512902960526
user2,415.0,0.5796027345230894
user1,415.0,0.4899208330055967
vnf1-dup12,415.0,0.0
webserver,415.0,0.23684506696031934
webserver2,415.0,0.13992466646227772
vnf2-dup8,420.0,0.6984891631278073
vnf1,420.0,0.7526132921600653
vnf2,420.0,0.6823769473146825
vnf1-dup9,420.0,0.7378190543189708
vnf2-dup6,420.0,0.670853741625817
vnf2-dup10,420.0,0.6160130571895425
vnf1-dup7,420.0,0.7296364197303922
user2,420.0,0.2868739595619631
user1,420.0,0.9762636801828962
vnf1-dup12,420.0,0.0
webserver,420.0,0.06546491643628266
webserver2,420.0,0.14049962996785048
vnf2-dup8,425.0,0.9417007981557377
vnf1,425.0,1.0232581731557377
vnf2,425.0,0.9366803079918032
vnf1-dup9,425.0,1.0232581733606558
vnf2-dup6,425.0,0.9612717731282051
vnf2-dup10,425.0,0.988717925948718
vnf1-dup7,425.0,1.0232581733606558
user2,425.0,0.2767766269453538
user1,425.0,0.44017330172804675
vnf1-dup12,425.0,0.0
webserver,425.0,0.1878452050870617
webserver2,425.0,0.06756089230422084
vnf2-dup8,430.0,0.941880494354342
vnf1,430.0,0.9883596540751386
vnf2,430.0,0.9512109776272578
vnf1-dup9,430.0,1.0174260827175698
vnf2-dup6,430.0,0.9177823186858316
vnf2-dup10,430.0,0.9328336521560575
vnf1-dup7,430.0,1.026031589817286
user2,430.0,0.6595498167581448
user1,430.0,0.9593051233131924
vnf1-dup12,430.0,0.0
webserver,430.0,0.10460269745127436
webserver2,430.0,0.16218140747126436
vnf2-dup8,435.0,0.9560319813295035
vnf1,435.0,1.0274107224045959
vnf2,435.0,0.9419745223727422
vnf1-dup9,435.0,1.0278324837848933
vnf2-dup6,435.0,0.9903033763837639
vnf2-dup10,435.0,0.9758302320623206
vnf1-dup7,435.0,1.0269893076292043
user2,435.0,0.3684046395494997
user1,435.0,0.5387438948559361
vnf1-dup12,435.0,0.0
webserver,435.0,0.25260549380537617
webserver2,435.0,0.09403814275166442
vnf2-dup8,440.0,0.9685702164287192
vnf1,440.0,1.0330436252845023
vnf2,440.0,0.9617993497414684
vnf1-dup9,440.0,1.03261630672182
vnf2-dup6,440.0,0.9702523481588746
vnf2-dup10,440.0,0.9320024532478279
vnf1-dup7,440.0,1.032829922010757
user2,440.0,0.3788819811139726
user1,440.0,0.5036099545225371
vnf1-dup12,440.0,0.0
webserver,440.0,0.16252850917362208
webserver2,440.0,0.05383863386971452
vnf2-dup8,445.0,0.9166015777686459
vnf1,445.0,0.9373124865420177
vnf2,445.0,0.9234387580115038
vnf1-dup9,445.0,0.9313475503286771
vnf2-dup6,445.0,0.8824496257706534
vnf2-dup10,445.0,0.8715782729140978
vnf1-dup7,445.0,0.9419268422350041
user2,445.0,0.6900986007244919
user1,445.0,0.20775818216624684
vnf1-dup12,445.0,0.0
webserver,445.0,0.1838619361050711
webserver2,445.0,0.06585688846817125
vnf2-dup8,450.0,0.9381982797361369
vnf1,450.0,1.0309626551226552
vnf2,450.0,0.9009070014430014
vnf1-dup9,450.0,1.0307565122655122
vnf2-dup6,450.0,0.9239752533470649
vnf2-dup10,450.0,0.9824098566426365
vnf1-dup7,450.0,1.0307565120593691
user2,450.0,0.5260378780733576
user1,450.0,0.43812785767544965
vnf1-dup12,450.0,0.0
webserver,450.0,0.1542394297893116
webserver2,450.0,0.11846371342371778
vnf2-dup8,455.0,0.9516999544611581
vnf1,455.0,1.0296929445703689
vnf2,455.0,0.9678136962703483
vnf1-dup9,455.0,1.0296929443643108
vnf2-dup6,455.0,0.9527182602965404
vnf2-dup10,455.0,0.9406095302718286
vnf1-dup7,455.0,1.0292687664263644
user2,455.0,0.651464277937396
user1,455.0,0.3677100598820505
vnf1-dup12,455.0,0.0
webserver,455.0,0.08376049016660404
webserver2,455.0,0.10652887277965677
vnf2-dup8,460.0,0.9298295797577499
vnf1,460.0,0.9896530227879285
vnf2,460.0,0.9149774078785392
vnf1-dup9,460.0,0.934878925318014
vnf2-dup6,460.0,0.8806643200738159
vnf2-dup10,460.0,0.8910190465450072
vnf1-dup7,460.0,0.9418528147161304
user2,460.0,0.29695901253650187
user1,460.0,0.2530297647206971
vnf1-dup12,460.0,0.0
webserver,460.0,0.28580854501374653
webserver2,460.0,0.06769557529367658
vnf2-dup8,465.0,0.9273007759934115
vnf1,465.0,0.9889849417335804
vnf2,465.0,0.9009458924532182
vnf1-dup9,465.0,0.9972855988073206
vnf2-dup6,465.0,0.947397627854351
vnf2-dup10,465.0,0.9363299456901871
vnf1-dup7,465.0,1.0282447173465183
user2,465.0,0.26722705521719436
user1,465.0,0.3329104942615524
vnf1-dup12,465.0,0.0
webserver,465.0,0.09055210631694864
webserver2,465.0,0.1830463492967264
vnf2-dup8,470.0,0.9581596587579947
vnf1,470.0,1.029729699608005
vnf2,470.0,0.9425799523219814
vnf1-dup9,470.0,1.0301547682146543
vnf2-dup6,470.0,0.959118043890377
vnf2-dup10,470.0,0.9524417605604781
vnf1-dup7,470.0,1.029092753814433
user2,470.0,0.34745077657748613
user1,470.0,0.3429494560004039
vnf1-dup12,470.0,0.0
webserver,470.0,0.076491640079087
webserver2,470.0,0.334875860346381
vnf2-dup8,475.0,0.9418002200986437
vnf1,475.0,1.0293670076037813
vnf2,475.0,0.9845458008631319
vnf1-dup9,475.0,1.0293670076037813
vnf2-dup6,475.0,0.9728468378211717
vnf2-dup10,475.0,0.9471736645426516
vnf1-dup7,475.0,1.0291555085268131
user2,475.0,0.5904369154306401
user1,475.0,0.3520720117179642
vnf1-dup12,475.0,0.0
webserver,475.0,0.09236071840571536
webserver2,475.0,0.11799962268596854
vnf2-dup8,480.0,0.9826551323468968
vnf1,480.0,1.0275379913686806
vnf2,480.0,0.9575626545417181
vnf1-dup9,480.0,1.0204890805589808
vnf2-dup6,480.0,0.9536154217337716
vnf2-dup10,480.0,0.9759038356614627
vnf1-dup7,480.0,0.9773941374845869
user2,480.0,0.7146857267324738
user1,480.0,0.44576091103722737
vnf1-dup12,480.0,0.0
webserver,480.0,0.09832439822068949
webserver2,480.0,0.18060001583136534
vnf2-dup8,485.0,0.7108673178183309
vnf1,485.0,0.7558129809309002
vnf2,485.0,0.7298562449691992
vnf1-dup9,485.0,0.8132443316221766
vnf2-dup6,485.0,0.707177995488105
vnf2-dup10,485.0,0.7072805389663659
vnf1-dup7,485.0,0.7903218997334427
user2,485.0,0.7559038352567656
user1,485.0,0.7984986547936924
vnf1-dup12,485.0,0.0
webserver,485.0,0.11862708157334335
webserver2,485.0,0.07867718825003132
vnf2-dup8,490.0,0.963898
vnf1,490.0,1.0289267804276316
vnf2,490.0,0.9629347320436303
vnf1-dup9,490.0,1.029985564107841
vnf2-dup6,490.0,0.9660493543209877
vnf2-dup10,490.0,1.0171810407407407
vnf1-dup7,490.0,1.0293500322912381
user2,490.0,0.2614865835136631
user1,490.0,0.1471606890857833
vnf1-dup12,490.0,0.0
webserver,490.0,0.06561267713144818
webserver2,490.0,0.04370923863707487
vnf2-dup8,495.0,0.8759319746005735
vnf1,495.0,0.9378533146251536
vnf2,495.0,0.8739708984231006
vnf1-dup9,495.0,0.9329305519148064
vnf2-dup6,495.0,0.8870874970280795
vnf2-dup10,495.0,0.8756712234064357
vnf1-dup7,495.0,0.9346570902763562
user2,495.0,0.388199188832998
user1,495.0,0.2391046236418511
vnf1-dup12,495.0,0.0
webserver,495.0,0.05186332619151727
webserver2,495.0,0.06675245103379349
vnf2-dup8,500.0,0.9601151050575658
vnf1,500.0,1.02777546484375
vnf2,500.0,0.9512952047697368
vnf1-dup9,500.0,1.0145970121299341
vnf2-dup6,500.0,0.9682630781089414
vnf2-dup10,500.0,0.9404521833504624
vnf1-dup7,500.0,1.0195602769673309
user2,500.0,0.20875478128148298
user1,500.0,0.5164584933521353
vnf1-dup12,500.0,0.0
webserver,500.0,0.17345963112518145
webserver2,500.0,0.15328594888382802
vnf2-dup8,505.0,0.6803443150235704
vnf1,505.0,0.7009223041606887
vnf2,505.0,0.7145551271012711
vnf1-dup9,505.0,0.7510659903649037
vnf2-dup6,505.0,0.7097150866980939
vnf2-dup10,505.0,0.7581881356835416
vnf1-dup7,505.0,0.7450481648554439
user2,505.0,0.4272548860103627
user1,505.0,0.7531015655279972
vnf1-dup12,505.0,0.0
webserver,505.0,0.08109541671149588
webserver2,505.0,0.12066355488972014
vnf2-dup8,510.0,0.7916290315962249
vnf1,510.0,0.8672547977020928
vnf2,510.0,0.7608213344969199
vnf1-dup9,510.0,0.8457699971252567
vnf2-dup6,510.0,0.758695631050041
vnf2-dup10,510.0,0.7329778305988516
vnf1-dup7,510.0,0.8504720619868638
user2,510.0,0.24381287354124748
user1,510.0,0.8451969891813013
vnf1-dup12,510.0,0.0
webserver,510.0,0.06355493228163235
webserver2,510.0,0.2159206331598569
vnf2-dup8,515.0,0.964919492364837
vnf1,515.0,1.031242230499381
vnf2,515.0,0.9758463779933939
vnf1-dup9,515.0,1.0316680113542527
vnf2-dup6,515.0,0.9603056301115241
vnf2-dup10,515.0,0.9538826637752994
vnf1-dup7,515.0,1.031455076986584
user2,515.0,0.46967571844268496
user1,515.0,0.44566817236510337
vnf1-dup12,515.0,0.0
webserver,515.0,0.19915117181846637
webserver2,515.0,0.13883442729264475
vnf2-dup8,520.0,0.8575932151246651
vnf1,520.0,0.8728003018751288
vnf2,520.0,0.8718846292481978
vnf1-dup9,520.0,0.8988877176107106
vnf2-dup6,520.0,0.8729089149155336
vnf2-dup10,520.0,0.8856200815822003
vnf1-dup7,520.0,0.8791056820523387
user2,520.0,0.6675128329303919
user1,520.0,0.2660925568817042
vnf1-dup12,520.0,0.0
webserver,520.0,0.0782654366424435
webserver2,520.0,0.08812397499718579
vnf2-dup8,525.0,0.8911867640866874
vnf1,525.0,0.9868317543859649
vnf2,525.0,0.830173456629492
vnf1-dup9,525.0,0.9395084374225526
vnf2-dup6,525.0,0.8589182235755574
vnf2-dup10,525.0,0.853509470272502
vnf1-dup7,525.0,0.923508742621259
user2,525.0,0.4238744118211185
user1,525.0,0.5291559368851219
vnf1-dup12,525.0,0.0
webserver,525.0,0.1599969952201604
webserver2,525.0,0.19042780629137002
vnf2-dup8,530.0,0.8607401000620218
vnf1,530.0,0.8835848354351871
vnf2,530.0,0.8896943126807104
vnf1-dup9,530.0,0.9139817934737712
vnf2-dup6,530.0,0.8818350613763174
vnf2-dup10,530.0,0.8672039400702624
vnf1-dup7,530.0,0.928155308200785
user2,530.0,0.7552398097037485
user1,530.0,0.46209814743525146
vnf1-dup12,530.0,0.0
webserver,530.0,0.05932720870773159
webserver2,530.0,0.1683202744725052
vnf2-dup8,535.0,0.5691155204186332
vnf1,535.0,0.5844038423968807
vnf2,535.0,0.5685755201149426
vnf1-dup9,535.0,0.5936370950328408
vnf2-dup6,535.0,0.5752206801478136
vnf2-dup10,535.0,0.6221720229932253
vnf1-dup7,535.0,0.6262822981124333
user2,535.0,0.23893198629722923
user1,535.0,0.8414814707986898
vnf1-dup12,535.0,0.0
webserver,535.0,0.05447516516952333
webserver2,535.0,0.06345802509695984
vnf2-dup8,540.0,0.6099938382142126
vnf1,540.0,0.7175506635265206
vnf2,540.0,0.6219012308953084
vnf1-dup9,540.0,0.6966400098340504
vnf2-dup6,540.0,0.6162742917093142
vnf2-dup10,540.0,0.5501944573183213
vnf1-dup7,540.0,0.6765621579594345
user2,540.0,0.7216932187421446
user1,540.0,1.0063043457845255
vnf1-dup12,540.0,0.0
webserver,540.0,0.04070738865125819
webserver2,540.0,0.13596477975386462
vnf2-dup8,545.0,0.9652515719610686
vnf1,545.0,1.0351418154897494
vnf2,545.0,0.9617281052631579
vnf1-dup9,545.0,1.0357852923746373
vnf2-dup6,545.0,0.9593620229908865
vnf2-dup10,545.0,0.9807787570422535
vnf1-dup7,545.0,1.034713274477334
user2,545.0,0.33897466268039156
user1,545.0,0.39101599116741537
vnf1-dup12,545.0,0.0
webserver,545.0,0.11477374979977976
webserver2,545.0,0.21473120233506857
vnf2-dup8,550.0,0.9634821852770885
vnf1,550.0,1.034511959057072
vnf2,550.0,0.9599710064129086
vnf1-dup9,550.0,1.0349399735208937
vnf2-dup6,550.0,0.9682719822240595
vnf2-dup10,550.0,0.9371640882596114
vnf1-dup7,550.0,1.0340842986771392
user2,550.0,0.40788186483898603
user1,550.0,0.22101602257836914
vnf1-dup12,550.0,0.0
webserver,550.0,0.08834268152108585
webserver2,550.0,0.09478863956225583
vnf2-dup8,555.0,0.946510633050321
vnf1,555.0,1.0176847854628288
vnf2,555.0,0.9464966502902156
vnf1-dup9,555.0,1.036484208747927
vnf2-dup6,555.0,0.9760612636156554
vnf2-dup10,555.0,0.9957547802857735
vnf1-dup7,555.0,1.008780251397805
user2,555.0,0.3534860189688225
user1,555.0,0.5677949749281138
vnf1-dup12,555.0,0.0
webserver,555.0,0.19825864859015735
webserver2,555.0,0.14288573485701417
vnf2-dup8,560.0,0.8508470805785124
vnf1,560.0,0.9172313758264462
vnf2,560.0,0.8435950140495867
vnf1-dup9,560.0,0.8807437727272727
vnf2-dup6,560.0,0.830516501446281
vnf2-dup10,560.0,0.8282437743801653
vnf1-dup7,560.0,0.9016318655236522
user2,560.0,0.31438365989412653
user1,560.0,0.4636684404053645
vnf1-dup12,560.0,0.0
webserver,560.0,0.07512420903572993
webserver2,560.0,0.14789312143170016
vnf2-dup8,565.0,0.890999349886199
vnf1,565.0,0.9887647094972067
vnf2,565.0,0.8893374432712214
vnf1-dup9,565.0,0.9689647695652174
vnf2-dup6,565.0,0.9053829910973085
vnf2-dup10,565.0,0.9238509008281574
vnf1-dup7,565.0,0.9740280903639371
user2,565.0,0.4006657173189429
user1,565.0,0.3479655058236273
vnf1-dup12,565.0,0.0
webserver,565.0,0.08186448002252393
webserver2,565.0,0.0862641548019771
vnf2-dup8,570.0,0.872886932010746
vnf1,570.0,0.891692469105187
vnf2,570.0,0.877190055785124
vnf1-dup9,570.0,0.9306817894628099
vnf2-dup6,570.0,0.8695104054947326
vnf2-dup10,570.0,0.867238147490188
vnf1-dup7,570.0,0.8923822997522708
user2,570.0,0.6492262603457836
user1,570.0,0.23033967906461042
vnf1-dup12,570.0,0.0
webserver,570.0,0.1051355196961734
webserver2,570.0,0.2634557125159546
vnf2-dup8,575.0,0.7953079557668459
vnf1,575.0,0.8544852988838363
vnf2,575.0,0.7987187216367019
vnf1-dup9,575.0,0.8291588937797065
vnf2-dup6,575.0,0.7822300151013653
vnf2-dup10,575.0,0.7703557908564336
vnf1-dup7,575.0,0.8619470611823067
user2,575.0,0.31199514832390957
user1,575.0,0.30365471453811205
vnf1-dup12,575.0,0.0
webserver,575.0,0.1264936908630777
webserver2,575.0,0.16003958815570227
vnf2-dup8,580.0,0.8432426631644004
vnf1,580.0,0.8997939571487433
vnf2,580.0,0.836417947856554
vnf1-dup9,580.0,0.8807501786892004
vnf2-dup6,580.0,0.8241450113308612
vnf2-dup10,580.0,0.8420271693448702
vnf1-dup7,580.0,0.8979826825854261
user2,580.0,0.32842539427967166
user1,580.0,0.3152412553137907
vnf1-dup12,580.0,0.0
webserver,580.0,0.07183179495737393
webserver2,580.0,0.09185729556988925
vnf2-dup8,585.0,0.7979925229718543
vnf1,585.0,0.8606580838162252
vnf2,585.0,0.8207203204305527
vnf1-dup9,585.0,0.885137621817429
vnf2-dup6,585.0,0.8012636971203646
vnf2-dup10,585.0,0.7967888684483115
vnf1-dup7,585.0,0.8415476652182908
user2,585.0,0.2125642794191792
user1,585.0,0.46096293577010333
vnf1-dup12,585.0,0.0
webserver,585.0,0.09595086397808437
webserver2,585.0,0.15140537510476215
vnf2-dup8,590.0,0.872495832160596
vnf1,590.0,0.9279801026490067
vnf2,590.0,0.8668391355826951
vnf1-dup9,590.0,0.9113226774994825
vnf2-dup6,590.0,0.8720521034340091
vnf2-dup10,590.0,0.8754447368638809
vnf1-dup7,590.0,0.9606085398468226
user2,590.0,0.3110774606106485
user1,590.0,0.32731677119927316
vnf1-dup12,590.0,0.0
webserver,590.0,0.10986348922060535
webserver2,590.0,0.12396241180665908
vnf2-dup8,595.0,0.7800288895084676
vnf1,595.0,0.8876083965303594
vnf2,595.0,0.815383002477803
vnf1-dup9,595.0,0.861428836465001
vnf2-dup6,595.0,0.8018793618339529
vnf2-dup10,595.0,0.8110697790169351
vnf1-dup7,595.0,0.8596280700413222
user2,595.0,0.7786674579745179
user1,595.0,0.3447727328232748
vnf1-dup12,595.0,0.0
webserver,595.0,0.11227556413047558
webserver2,595.0,0.05620159335860766
vnf2-dup8,600.0,0.7850424408535321
vnf1,600.0,0.7854360594572198
vnf2,600.0,0.7625491939896373
vnf1-dup9,600.0,0.8257616281865284
vnf2-dup6,600.0,0.7947149973056995
vnf2-dup10,600.0,0.7631087815544042
vnf1-dup7,600.0,0.8227263010151232
user2,600.0,0.7525274818888104
user1,600.0,0.30489305281476997
vnf1-dup12,600.0,0.0
webserver,600.0,0.142190744150254
webserver2,600.0,0.06319977919867864
vnf2-dup8,605.0,0.2881355855528652
vnf1,605.0,0.2314164580306699
vnf2,605.0,0.2578607396569122
vnf1-dup9,605.0,0.2163874809283552
vnf2-dup6,605.0,0.24094026876513316
vnf2-dup10,605.0,0.24410814447134785
vnf1-dup7,605.0,0.21539547397094433
user2,605.0,0.02384364790779253
user1,605.0,0.03869092311933043
vnf1-dup12,605.0,0.0
webserver,605.0,0.11326530557222889
webserver2,605.0,0.03385354115396158
vnf2-dup8,610.0,0.0
vnf1,610.0,0.0
vnf2,610.0,0.0
vnf2-dup6,610.0,0.0
vnf1-dup7,610.0,0.0
user2,610.0,0.0
user1,610.0,0.0
vnf1-dup12,610.0,0.0
webserver,610.0,0.0
webserver2,610.0,0.0
vnf1,615.0,0.0
vnf2,615.0,0.0
vnf2-dup6,615.0,0.0
user2,615.0,0.0
user1,615.0,0.0
vnf1-dup12,615.0,0.0
webserver,615.0,0.0
webserver2,615.0,0.0
vnf1,620.0,0.0
vnf2,620.0,0.0
user2,620.0,0.0
user1,620.0,0.0
vnf1-dup12,620.0,0.0
webserver,620.0,0.0
webserver2,620.0,0.0
