edgeuser3,5.0,0.0
edgenode4,5.0,0.24335999484999998
edgenode3,5.0,0.23279499505
edgenode2,5.0,0.0
edgenode1,5.0,0.0
edgeuser2,5.0,0.30903999514999997
edgeuser1,5.0,0.35326999514999996
netcloudhost3,5.0,0.0
netcloudhost2,5.0,0.0
netcloudhost1,5.0,0.0
netcloudhost4,5.0,0.0
internethost,5.0,1.534608673443673E-6
edgeuser3,10.0,0.0
edgenode4,10.0,0.24963999355000002
edgenode3,10.0,0.24963999385
edgenode2,10.0,0.0
edgenode1,10.0,0.0
edgeuser2,10.0,0.171089997
edgeuser1,10.0,0.32683999560000004
netcloudhost3,10.0,0.0
netcloudhost2,10.0,0.0
netcloudhost1,10.0,0.0
netcloudhost4,10.0,0.0
internethost,10.0,7.618100722805694E-7
edgeuser3,15.0,0.0
edgenode4,15.0,0.2503599933
edgenode3,15.0,0.25035999375
edgenode2,15.0,0.0
edgenode1,15.0,0.0
edgeuser2,15.0,0.5030699923999999
edgeuser1,15.0,0.5412999919
netcloudhost3,15.0,0.0
netcloudhost2,15.0,0.0
netcloudhost1,15.0,0.0
netcloudhost4,15.0,0.0
internethost,15.0,1.9058987520770755E-6
edgeuser3,20.0,0.0
edgenode4,20.0,0.1899799963
edgenode3,20.0,0.24953499565
edgenode2,20.0,0.2318949959
edgenode1,20.0,0.23361499595000002
edgeuser2,20.0,0.9507199908499999
edgeuser1,20.0,0.3731499954
netcloudhost3,20.0,0.0
netcloudhost2,20.0,0.0
netcloudhost1,20.0,0.0
netcloudhost4,20.0,0.0
internethost,20.0,5.905600038769962E-6
edgeuser3,25.0,0.0
edgenode4,25.0,0.3155049943
edgenode3,25.0,0.4740299915
edgenode2,25.0,0.25041999565
edgenode1,25.0,0.2504199957
edgeuser2,25.0,0.56055999485
edgeuser1,25.0,0.33409999615
netcloudhost3,25.0,0.0
netcloudhost2,25.0,0.0
netcloudhost1,25.0,0.0
netcloudhost4,25.0,0.0
internethost,25.0,5.497925729860327E-6
edgeuser3,30.0,0.0
edgenode4,30.0,0.33503999430000003
edgenode3,30.0,0.41316999314999997
edgenode2,30.0,0.3838999937
edgenode1,30.0,0.21512999655
edgeuser2,30.0,0.1326499982
edgeuser1,30.0,0.27138999729999996
netcloudhost3,30.0,0.0
netcloudhost2,30.0,0.0
netcloudhost1,30.0,0.0
netcloudhost4,30.0,0.0
internethost,30.0,6.466197989964204E-6
edgeuser3,35.0,0.0
edgenode4,35.0,0.4999999897
edgenode3,35.0,0.43996999115
edgenode2,35.0,0.39141499185
edgenode1,35.0,0.189474996
edgeuser2,35.0,0.29272999655
edgeuser1,35.0,0.8718299899499999
netcloudhost3,35.0,0.0
netcloudhost2,35.0,0.0
netcloudhost1,35.0,0.0
netcloudhost4,35.0,0.0
internethost,35.0,1.0675841136550064E-5
edgeuser3,40.0,0.0
edgenode4,40.0,0.46651498565
edgenode3,40.0,0.4312999861
edgenode2,40.0,0.30232998945
edgenode1,40.0,0.32433998924999996
edgeuser2,40.0,0.3319599939
edgeuser1,40.0,0.998919984
netcloudhost3,40.0,2.2062666573333334E-5
netcloudhost2,40.0,0.0
netcloudhost1,40.0,0.0
netcloudhost4,40.0,0.0
internethost,40.0,8.257083473884718E-6
edgeuser3,45.0,0.0
edgenode4,45.0,0.47735998705
edgenode3,45.0,0.4327449884
edgenode2,45.0,0.45251998745
edgenode1,45.0,0.3841199892
edgeuser2,45.0,0.27904999505
edgeuser1,45.0,0.53206999165
netcloudhost3,45.0,2.5931999913333332E-5
netcloudhost2,45.0,0.0
netcloudhost1,45.0,0.0
netcloudhost4,45.0,0.0
internethost,45.0,1.110347790474843E-5
edgeuser3,50.0,0.0
edgenode4,50.0,0.30406999215
edgenode3,50.0,0.34370999145
edgenode2,50.0,0.2811299929
edgenode1,50.0,0.28298999245
edgeuser2,50.0,0.20072999665
edgeuser1,50.0,0.45789999325
netcloudhost3,50.0,1.8657999986666668E-5
netcloudhost2,50.0,0.0
netcloudhost1,50.0,0.0
netcloudhost4,50.0,0.0
internethost,50.0,5.162775662432291E-6
edgeuser3,55.0,0.0
edgenode4,55.0,0.32857499125
edgenode3,55.0,0.33606999075
edgenode2,55.0,0.3496249914
edgenode1,55.0,0.3394749906
edgeuser2,55.0,0.15637999745
edgeuser1,55.0,0.46078999315
netcloudhost3,55.0,2.17693333E-5
netcloudhost2,55.0,0.0
netcloudhost1,55.0,0.0
netcloudhost4,55.0,0.0
internethost,55.0,8.3078748815559E-6
edgeuser3,60.0,0.0
edgenode4,60.0,0.2944049919
edgenode3,60.0,0.3041549917
edgenode2,60.0,0.30818499225
edgenode1,60.0,0.30835499154999996
edgeuser2,60.0,0.45365999315
edgeuser1,60.0,0.3648299947
netcloudhost3,60.0,2.033066660666667E-5
netcloudhost2,60.0,0.0
netcloudhost1,60.0,0.0
netcloudhost4,60.0,0.0
internethost,60.0,6.500140302108273E-6
edgeuser3,65.0,0.0
edgenode4,65.0,0.36757498969999997
edgenode3,65.0,0.3457299901
edgenode2,65.0,0.3443949911
edgenode1,65.0,0.34526499
edgeuser2,65.0,0.41354999325
edgeuser1,65.0,0.23325999625
netcloudhost3,65.0,2.210399992E-5
netcloudhost2,65.0,0.0
netcloudhost1,65.0,0.0
netcloudhost4,65.0,0.0
internethost,65.0,8.813347071880196E-6
edgeuser3,70.0,0.0
edgenode4,70.0,0.29362999475
edgenode3,70.0,0.30565999465
edgenode2,70.0,0.30776999435
edgenode1,70.0,0.31335499405
edgeuser2,70.0,0.25537999725
edgeuser1,70.0,0.29491999645
netcloudhost3,70.0,2.0156666626666667E-5
netcloudhost2,70.0,0.0
netcloudhost1,70.0,0.0
netcloudhost4,70.0,0.0
internethost,70.0,4.150732461555788E-6
edgeuser3,75.0,0.0
edgenode4,75.0,0.33810999425
edgenode3,75.0,0.3293249938
edgenode2,75.0,0.322869994
edgenode1,75.0,0.33160999425
edgeuser2,75.0,0.63930999395
edgeuser1,75.0,0.6101599936000001
netcloudhost3,75.0,2.0896666620000002E-5
netcloudhost2,75.0,0.0
netcloudhost1,75.0,0.0
netcloudhost4,75.0,0.0
internethost,75.0,3.4151117134437633E-6
edgeuser3,80.0,0.0
edgenode4,80.0,0.3477049954
edgenode3,80.0,0.35467999465
edgenode2,80.0,0.3613749945
edgenode1,80.0,0.3457899953
edgeuser2,80.0,0.54096999515
edgeuser1,80.0,0.8388999932500001
netcloudhost3,80.0,2.4257333259999998E-5
netcloudhost2,80.0,0.0
netcloudhost1,80.0,0.0
netcloudhost4,80.0,0.0
internethost,80.0,5.373999568285239E-6
edgeuser3,85.0,0.0
edgenode4,85.0,0.29018999485
edgenode3,85.0,0.27627999495
edgenode2,85.0,0.274269995
edgenode1,85.0,0.28870499555
edgeuser2,85.0,0.22956999775
edgeuser1,85.0,0.7428799930500001
netcloudhost3,85.0,1.8435999979999998E-5
netcloudhost2,85.0,0.0
netcloudhost1,85.0,0.0
netcloudhost4,85.0,0.0
internethost,85.0,7.398208120017558E-6
edgeuser3,90.0,0.0
edgenode4,90.0,0.3632449937
edgenode3,90.0,0.36445999295
edgenode2,90.0,0.3435649936
edgenode1,90.0,0.34733499345
edgeuser2,90.0,0.71453999295
edgeuser1,90.0,0.41356999595
netcloudhost3,90.0,2.2895333253333332E-5
netcloudhost2,90.0,0.0
netcloudhost1,90.0,0.0
netcloudhost4,90.0,0.0
internethost,90.0,9.882957978924887E-6
edgeuser3,95.0,0.0
edgenode4,95.0,0.345074994
edgenode3,95.0,0.33934499404999996
edgenode2,95.0,0.34791999435
edgenode1,95.0,0.3604649938
edgeuser2,95.0,0.18458999780000002
edgeuser1,95.0,0.6222899938
netcloudhost3,95.0,2.2758666606666664E-5
netcloudhost2,95.0,0.0
netcloudhost1,95.0,0.0
netcloudhost4,95.0,0.0
internethost,95.0,8.85235635750197E-6
edgeuser3,100.0,0.0
edgenode4,100.0,0.31099499505
edgenode3,100.0,0.32313999465
edgenode2,100.0,0.3512649943
edgenode1,100.0,0.32154499445
edgeuser2,100.0,0.22552999775000002
edgeuser1,100.0,0.77688999285
netcloudhost3,100.0,2.2298666633333332E-5
netcloudhost2,100.0,0.0
netcloudhost1,100.0,0.0
netcloudhost4,100.0,0.0
internethost,100.0,4.311409130275762E-6
edgeuser3,105.0,0.0
edgenode4,105.0,0.35355999365
edgenode3,105.0,0.3597799933
edgenode2,105.0,0.33160999425
edgenode1,105.0,0.35058499365
edgeuser2,105.0,0.52655999465
edgeuser1,105.0,0.40945999575
netcloudhost3,105.0,2.1436666613333333E-5
netcloudhost2,105.0,0.0
netcloudhost1,105.0,0.0
netcloudhost4,105.0,0.0
internethost,105.0,1.0066283212086754E-5
edgeuser3,110.0,0.0
edgenode4,110.0,0.34883999425
edgenode3,110.0,0.347194994
edgenode2,110.0,0.33748999394999996
edgenode1,110.0,0.35166499394999995
edgeuser2,110.0,0.74035999325
edgeuser1,110.0,0.4836799955
netcloudhost3,110.0,2.44006666E-5
netcloudhost2,110.0,0.0
netcloudhost1,110.0,0.0
netcloudhost4,110.0,0.0
internethost,110.0,6.840723569213355E-6
edgeuser3,115.0,0.0
edgenode4,115.0,0.3445349929
edgenode3,115.0,0.3541299926
edgenode2,115.0,0.35000999225
edgenode1,115.0,0.34570999295
edgeuser2,115.0,0.6888799930999999
edgeuser1,115.0,0.45787999495000004
netcloudhost3,115.0,2.291733326E-5
netcloudhost2,115.0,0.0
netcloudhost1,115.0,0.0
netcloudhost4,115.0,0.0
internethost,115.0,6.309367297043393E-6
edgeuser3,120.0,0.0
edgenode4,120.0,0.3476899943
edgenode3,120.0,0.3229799945
edgenode2,120.0,0.3404299939
edgenode1,120.0,0.34175999414999997
edgeuser2,120.0,0.30719999695
edgeuser1,120.0,0.22473999795
netcloudhost3,120.0,2.06586666E-5
netcloudhost2,120.0,0.0
netcloudhost1,120.0,0.0
netcloudhost4,120.0,0.0
internethost,120.0,6.458139737383512E-6
edgeuser3,125.0,0.0
edgenode4,125.0,0.2958299939
edgenode3,125.0,0.31532999395
edgenode2,125.0,0.31404999440000003
edgenode1,125.0,0.3104649942
edgeuser2,125.0,0.2538899975
edgeuser1,125.0,0.34450999634999996
netcloudhost3,125.0,2.089999996E-5
netcloudhost2,125.0,0.0
netcloudhost1,125.0,0.0
netcloudhost4,125.0,0.0
internethost,125.0,3.241065673461841E-6
edgeuser3,130.0,0.0
edgenode4,130.0,0.2793499946
edgenode3,130.0,0.27624499485000004
edgenode2,130.0,0.30113999394999996
edgenode1,130.0,0.28200499404999996
edgeuser2,130.0,0.6671099933
edgeuser1,130.0,0.52868999395
netcloudhost3,130.0,1.913333326E-5
netcloudhost2,130.0,0.0
netcloudhost1,130.0,0.0
netcloudhost4,130.0,0.0
internethost,130.0,5.383767143443337E-6
edgeuser3,135.0,0.0
edgenode4,135.0,0.3300099917
edgenode3,135.0,0.34853499075
edgenode2,135.0,0.3121299923
edgenode1,135.0,0.3230149912
edgeuser2,135.0,0.7987499888
edgeuser1,135.0,0.9982399864
netcloudhost3,135.0,2.1710666546666664E-5
netcloudhost2,135.0,0.0
netcloudhost1,135.0,0.0
netcloudhost4,135.0,0.0
internethost,135.0,6.405822127865514E-6
edgeuser3,140.0,0.0
edgenode4,140.0,0.36565998945
edgenode3,140.0,0.33292498995
edgenode2,140.0,0.34024499005000003
edgenode1,140.0,0.3428349902
edgeuser2,140.0,0.3857799941
edgeuser1,140.0,0.98241998585
netcloudhost3,140.0,2.2484666526666667E-5
netcloudhost2,140.0,0.0
netcloudhost1,140.0,0.0
netcloudhost4,140.0,0.0
internethost,140.0,9.09318818384038E-6
edgeuser3,145.0,0.0
edgenode4,145.0,0.35484998755
edgenode3,145.0,0.37401998685
edgenode2,145.0,0.36732998745
edgenode1,145.0,0.3822199868
edgeuser2,145.0,0.7876799869500001
edgeuser1,145.0,0.7902699865999999
netcloudhost3,145.0,2.3728666533333332E-5
netcloudhost2,145.0,0.0
netcloudhost1,145.0,0.0
netcloudhost4,145.0,0.0
internethost,145.0,6.466014819174773E-6
edgeuser3,150.0,0.0
edgenode4,150.0,0.2987399913
edgenode3,150.0,0.2897049916
edgenode2,150.0,0.27803499249999997
edgenode1,150.0,0.29519999185
edgeuser2,150.0,0.32781999525
edgeuser1,150.0,0.2938099958
netcloudhost3,150.0,1.8653333246666667E-5
netcloudhost2,150.0,0.0
netcloudhost1,150.0,0.0
netcloudhost4,150.0,0.0
internethost,150.0,7.930052744252464E-6
edgeuser3,155.0,0.0
edgenode4,155.0,0.29983999135
edgenode3,155.0,0.3128699913
edgenode2,155.0,0.33156499105000004
edgenode1,155.0,0.3100549916
edgeuser2,155.0,0.3945799935
edgeuser1,155.0,0.2824199954
netcloudhost3,155.0,1.9687999893333333E-5
netcloudhost2,155.0,0.0
netcloudhost1,155.0,0.0
netcloudhost4,155.0,0.0
internethost,155.0,7.294000235288757E-6
edgeuser3,160.0,0.0
edgenode4,160.0,0.37971498815
edgenode3,160.0,0.36528998875
edgenode2,160.0,0.34884499025
edgenode1,160.0,0.3572899888
edgeuser2,160.0,0.32280999415
edgeuser1,160.0,0.32913999425
netcloudhost3,160.0,2.4615333186666666E-5
netcloudhost2,160.0,0.0
netcloudhost1,160.0,0.0
netcloudhost4,160.0,0.0
internethost,160.0,3.439957976946952E-6
edgeuser3,165.0,0.0
edgenode4,165.0,0.3797499886
edgenode3,165.0,0.38037498839999995
edgenode2,165.0,0.38339998805
edgenode1,165.0,0.37389498835
edgeuser2,165.0,0.36573999335
edgeuser1,165.0,0.49353999245
netcloudhost3,165.0,2.520999989333333E-5
netcloudhost2,165.0,0.0
netcloudhost1,165.0,0.0
netcloudhost4,165.0,0.0
internethost,165.0,6.039476870899082E-6
edgeuser3,170.0,0.0
edgenode4,170.0,0.1852099951
edgenode3,170.0,0.18784999484999998
edgenode2,170.0,0.203404995
edgenode1,170.0,0.20978499485
edgeuser2,170.0,0.3017299963
edgeuser1,170.0,0.96698998895
netcloudhost3,170.0,1.2431333266666666E-5
netcloudhost2,170.0,0.0
netcloudhost1,170.0,0.0
netcloudhost4,170.0,0.0
internethost,170.0,4.222646262956205E-6
edgeuser3,175.0,0.0
edgenode4,175.0,0.48801998465
edgenode3,175.0,0.5005099844
edgenode2,175.0,0.4602799864
edgenode1,175.0,0.25025499230000003
edgeuser2,175.0,0.44324999184999997
edgeuser1,175.0,0.41170999225
netcloudhost3,175.0,3.3713333E-6
netcloudhost2,175.0,0.0
netcloudhost1,175.0,0.0
netcloudhost4,175.0,0.0
internethost,175.0,5.08817578518145E-6
edgeuser3,180.0,0.0
edgenode4,180.0,0.47936498369999997
edgenode3,180.0,0.49315998355
edgenode2,180.0,0.45492498475
edgenode1,180.0,0.2399449922
edgeuser2,180.0,0.3760999927
edgeuser1,180.0,0.2606099957
netcloudhost3,180.0,0.0
netcloudhost2,180.0,0.0
netcloudhost1,180.0,0.0
netcloudhost4,180.0,0.0
internethost,180.0,1.2937707043667034E-5
edgeuser3,185.0,0.0
edgenode4,185.0,0.3845549888
edgenode3,185.0,0.3966949888
edgenode2,185.0,0.37901498910000003
edgenode1,185.0,0.19890999445
edgeuser2,185.0,0.1413399975
edgeuser1,185.0,0.1848999966
netcloudhost3,185.0,0.0
netcloudhost2,185.0,0.0
netcloudhost1,185.0,0.0
netcloudhost4,185.0,0.0
internethost,185.0,1.1989702521803189E-5
edgeuser3,190.0,0.0
edgenode4,190.0,0.33696999200000005
edgenode3,190.0,0.33732999175
edgenode2,190.0,0.34681499235
edgenode1,190.0,0.17941499540000003
edgeuser2,190.0,0.31220999535
edgeuser1,190.0,0.1697299973
netcloudhost3,190.0,0.0
netcloudhost2,190.0,0.0
netcloudhost1,190.0,0.0
netcloudhost4,190.0,0.0
internethost,190.0,5.287068119495481E-6
edgeuser3,195.0,0.0
edgenode4,195.0,0.32835999205
edgenode3,195.0,0.32975499155
edgenode2,195.0,0.3037399923
edgenode1,195.0,0.17208499554999998
edgeuser2,195.0,0.9999999874
edgeuser1,195.0,0.38959999430000003
netcloudhost3,195.0,0.0
netcloudhost2,195.0,0.0
netcloudhost1,195.0,0.0
netcloudhost4,195.0,0.0
internethost,195.0,5.432727128921878E-6
edgeuser3,200.0,0.0
edgenode4,200.0,0.29934999349999997
edgenode3,200.0,0.2844299932
edgenode2,200.0,0.29126499310000004
edgenode1,200.0,0.1429049966
edgeuser2,200.0,0.9999999882
edgeuser1,200.0,0.7311499908
netcloudhost3,200.0,0.0
netcloudhost2,200.0,0.0
netcloudhost1,200.0,0.0
netcloudhost4,200.0,0.0
internethost,200.0,3.4450249144067097E-6
edgeuser3,205.0,0.0
edgenode4,205.0,0.45226498395000003
edgenode3,205.0,0.46233998365
edgenode2,205.0,0.43152998505
edgenode1,205.0,0.2462649914
edgeuser2,205.0,0.998599982
edgeuser1,205.0,0.416699992
netcloudhost3,205.0,0.0
netcloudhost2,205.0,0.0
netcloudhost1,205.0,0.0
netcloudhost4,205.0,0.0
internethost,205.0,5.726059702602141E-6
edgeuser3,210.0,0.0
edgenode4,210.0,0.47811998265
edgenode3,210.0,0.48336998305
edgenode2,210.0,0.46770998469999997
edgenode1,210.0,0.24639499145
edgeuser2,210.0,0.8590299845
edgeuser1,210.0,0.3536299942
netcloudhost3,210.0,0.0
netcloudhost2,210.0,0.0
netcloudhost1,210.0,0.0
netcloudhost4,210.0,0.0
internethost,210.0,4.5597497911447525E-6
edgeuser3,215.0,0.0
edgenode4,215.0,0.4837649836
edgenode3,215.0,0.4806299831
edgenode2,215.0,0.4649249841
edgenode1,215.0,0.24953499129999998
edgeuser2,215.0,0.5732699889
edgeuser1,215.0,0.84566998525
netcloudhost3,215.0,0.0
netcloudhost2,215.0,0.0
netcloudhost1,215.0,0.0
netcloudhost4,215.0,0.0
internethost,215.0,4.250056513683108E-6
edgeuser3,220.0,0.0
edgenode4,220.0,0.48378498545
edgenode3,220.0,0.4824749851
edgenode2,220.0,0.4691199855
edgenode1,220.0,0.2500699921
edgeuser2,220.0,0.44330999245
edgeuser1,220.0,0.3313699933
netcloudhost3,220.0,0.0
netcloudhost2,220.0,0.0
netcloudhost1,220.0,0.0
netcloudhost4,220.0,0.0
internethost,220.0,5.952728569700757E-6
edgeuser3,225.0,0.0
edgenode4,225.0,0.47895998534999995
edgenode3,225.0,0.48329998515
edgenode2,225.0,0.4707899856
edgenode1,225.0,0.25039499225
edgeuser2,225.0,0.7402299882500001
edgeuser1,225.0,0.26183999505
netcloudhost3,225.0,0.0
netcloudhost2,225.0,0.0
netcloudhost1,225.0,0.0
netcloudhost4,225.0,0.0
internethost,225.0,6.866302385232906E-6
edgeuser3,230.0,0.0
edgenode4,230.0,0.45686998565
edgenode3,230.0,0.4591049854
edgenode2,230.0,0.43266498595
edgenode1,230.0,0.23543499225
edgeuser2,230.0,0.5213199914
edgeuser1,230.0,0.2787299946
netcloudhost3,230.0,0.0
netcloudhost2,230.0,0.0
netcloudhost1,230.0,0.0
netcloudhost4,230.0,0.0
internethost,230.0,6.063651636882552E-6
edgeuser3,235.0,0.0
edgenode4,235.0,0.38190998865000003
edgenode3,235.0,0.3851649882
edgenode2,235.0,0.37184498839999997
edgenode1,235.0,0.20287999355000003
edgeuser2,235.0,0.4516999926
edgeuser1,235.0,0.40286999320000005
netcloudhost3,235.0,0.0
netcloudhost2,235.0,0.0
netcloudhost1,235.0,0.0
netcloudhost4,235.0,0.0
internethost,235.0,6.723207379818249E-6
edgeuser3,240.0,0.0
edgenode4,240.0,0.41650498685
edgenode3,240.0,0.42011998629999997
edgenode2,240.0,0.4035949872
edgenode1,240.0,0.217624993
edgeuser2,240.0,0.3519099938
edgeuser1,240.0,0.9151799858
netcloudhost3,240.0,0.0
netcloudhost2,240.0,0.0
netcloudhost1,240.0,0.0
netcloudhost4,240.0,0.0
internethost,240.0,6.9167275230558815E-6
edgeuser3,245.0,0.0
edgenode4,245.0,0.47100998645000003
edgenode3,245.0,0.4636449867
edgenode2,245.0,0.45638498675
edgenode1,245.0,0.23129999335
edgeuser2,245.0,0.69675998965
edgeuser1,245.0,0.56397999125
netcloudhost3,245.0,0.0
netcloudhost2,245.0,0.0
netcloudhost1,245.0,0.0
netcloudhost4,245.0,0.0
internethost,245.0,5.758170617888226E-6
edgeuser3,250.0,0.0
edgenode4,250.0,0.3931999882
edgenode3,250.0,0.3950649879
edgenode2,250.0,0.3779149884
edgenode1,250.0,0.20448999385
edgeuser2,250.0,0.28890999505000003
edgeuser1,250.0,0.38256999375
netcloudhost3,250.0,0.0
netcloudhost2,250.0,0.0
netcloudhost1,250.0,0.0
netcloudhost4,250.0,0.0
internethost,250.0,1.0136365562907503E-5
edgeuser3,255.0,0.0
edgenode4,255.0,0.38398498945
edgenode3,255.0,0.3671799905
edgenode2,255.0,0.37414499025
edgenode1,255.0,0.19098999475
edgeuser2,255.0,0.84188998785
edgeuser1,255.0,0.60293999035
netcloudhost3,255.0,0.0
netcloudhost2,255.0,0.0
netcloudhost1,255.0,0.0
netcloudhost4,255.0,0.0
internethost,255.0,6.067009243828746E-6
edgeuser3,260.0,0.0
edgenode4,260.0,0.3684649912
edgenode3,260.0,0.37726999040000003
edgenode2,260.0,0.35444999190000004
edgenode1,260.0,0.20434499505
edgeuser2,260.0,0.90402998945
edgeuser1,260.0,0.3670999961
netcloudhost3,260.0,0.0
netcloudhost2,260.0,0.0
netcloudhost1,260.0,0.0
netcloudhost4,260.0,0.0
internethost,260.0,7.187960968963813E-6
edgeuser3,265.0,0.0
edgenode4,265.0,0.4856699882
edgenode3,265.0,0.48491498835
edgenode2,265.0,0.46321498915
edgenode1,265.0,0.249999994
edgeuser2,265.0,0.26207999475
edgeuser1,265.0,0.4004799941
netcloudhost3,265.0,0.0
netcloudhost2,265.0,0.0
netcloudhost1,265.0,0.0
netcloudhost4,265.0,0.0
internethost,265.0,7.148524356055293E-6
edgeuser3,270.0,0.0
edgenode4,270.0,0.4810549889
edgenode3,270.0,0.47745998965
edgenode2,270.0,0.47172998965
edgenode1,270.0,0.2499999944
edgeuser2,270.0,0.35649999415
edgeuser1,270.0,0.28182999599999997
netcloudhost3,270.0,0.0
netcloudhost2,270.0,0.0
netcloudhost1,270.0,0.0
netcloudhost4,270.0,0.0
internethost,270.0,1.1438994230730911E-5
edgeuser3,275.0,0.0
edgenode4,275.0,0.48528998674999996
edgenode3,275.0,0.49408498674999995
edgenode2,275.0,0.46860498715
edgenode1,275.0,0.24999999309999998
edgeuser2,275.0,0.5989299913
edgeuser1,275.0,0.1826399962
netcloudhost3,275.0,0.0
netcloudhost2,275.0,0.0
netcloudhost1,275.0,0.0
netcloudhost4,275.0,0.0
internethost,275.0,6.306925378911232E-6
edgeuser3,280.0,0.0
edgenode4,280.0,0.483569988
edgenode3,280.0,0.48103998745000004
edgenode2,280.0,0.46657498825
edgenode1,280.0,0.24999999374999998
edgeuser2,280.0,0.2238999958
edgeuser1,280.0,0.384959994
netcloudhost3,280.0,0.0
netcloudhost2,280.0,0.0
netcloudhost1,280.0,0.0
netcloudhost4,280.0,0.0
internethost,280.0,1.0012195218584733E-5
edgeuser3,285.0,0.0
edgenode4,285.0,0.3737799924
edgenode3,285.0,0.3726749928
edgenode2,285.0,0.36255999325
edgenode1,285.0,0.1926749959
edgeuser2,285.0,0.8627099910499999
edgeuser1,285.0,0.34376999555
netcloudhost3,285.0,0.0
netcloudhost2,285.0,0.0
netcloudhost1,285.0,0.0
netcloudhost4,285.0,0.0
internethost,285.0,4.475504436214392E-6
edgeuser3,290.0,0.0
edgenode4,290.0,0.4855049871
edgenode3,290.0,0.48838998735
edgenode2,290.0,0.46722998774999996
edgenode1,290.0,0.24997499364999998
edgeuser2,290.0,0.45536999339999995
edgeuser1,290.0,0.3721799936
netcloudhost3,290.0,0.0
netcloudhost2,290.0,0.0
netcloudhost1,290.0,0.0
netcloudhost4,290.0,0.0
internethost,290.0,9.346839988420048E-6
edgeuser3,295.0,0.0
edgenode4,295.0,0.4288199888
edgenode3,295.0,0.4201899896
edgenode2,295.0,0.4119949899
edgenode1,295.0,0.22102999415000002
edgeuser2,295.0,0.44102999365
edgeuser1,295.0,0.13221999695
netcloudhost3,295.0,0.0
netcloudhost2,295.0,0.0
netcloudhost1,295.0,0.0
netcloudhost4,295.0,0.0
internethost,295.0,3.4257339361549066E-6
edgeuser3,300.0,0.0
edgenode4,300.0,0.47410998605
edgenode3,300.0,0.4779649856
edgenode2,300.0,0.44802998685
edgenode1,300.0,0.2456449927
edgeuser2,300.0,0.25851999470000003
edgeuser1,300.0,0.67959998835
netcloudhost3,300.0,0.0
netcloudhost2,300.0,0.0
netcloudhost1,300.0,0.0
netcloudhost4,300.0,0.0
internethost,300.0,9.589625361290518E-6
edgeuser3,305.0,0.0
edgenode4,305.0,0.4328849898
edgenode3,305.0,0.4456499892
edgenode2,305.0,0.4280299903
edgenode1,305.0,0.22329499475
edgeuser2,305.0,0.71544999015
edgeuser1,305.0,0.8764899892
netcloudhost3,305.0,0.0
netcloudhost2,305.0,0.0
netcloudhost1,305.0,0.0
netcloudhost4,305.0,0.0
internethost,305.0,8.318313975905532E-6
edgeuser3,310.0,0.0
edgenode4,310.0,0.4000849905
edgenode3,310.0,0.3884599905
edgenode2,310.0,0.3779899912
edgenode1,310.0,0.205594995
edgeuser2,310.0,0.3025099953
edgeuser1,310.0,0.486459994
netcloudhost3,310.0,0.0
netcloudhost2,310.0,0.0
netcloudhost1,310.0,0.0
netcloudhost4,310.0,0.0
internethost,310.0,1.1890744735250761E-5
edgeuser3,315.0,0.0
edgenode4,315.0,0.3960149903
edgenode3,315.0,0.41225998975
edgenode2,315.0,0.40882498945
edgenode1,315.0,0.20391999479999998
edgeuser2,315.0,0.52674999325
edgeuser1,315.0,0.317309995
netcloudhost3,315.0,0.0
netcloudhost2,315.0,0.0
netcloudhost1,315.0,0.0
netcloudhost4,315.0,0.0
internethost,315.0,5.159845402308001E-6
edgeuser3,320.0,0.0
edgenode4,320.0,0.29569499325
edgenode3,320.0,0.28099999375
edgenode2,320.0,0.2722949945
edgenode1,320.0,0.16232999625
edgeuser2,320.0,0.9476499910499999
edgeuser1,320.0,0.11851999830000001
netcloudhost3,320.0,0.0
netcloudhost2,320.0,0.0
netcloudhost1,320.0,0.0
netcloudhost4,320.0,0.0
internethost,320.0,4.380270556980048E-6
edgeuser3,325.0,0.0
edgenode4,325.0,0.480794987
edgenode3,325.0,0.48844498680000004
edgenode2,325.0,0.45683498765
edgenode1,325.0,0.24989999315
edgeuser2,325.0,0.6617999896
edgeuser1,325.0,0.1968399966
netcloudhost3,325.0,0.0
netcloudhost2,325.0,0.0
netcloudhost1,325.0,0.0
netcloudhost4,325.0,0.0
internethost,325.0,4.5272725861700666E-6
edgeuser3,330.0,0.0
edgenode4,330.0,0.48684998795
edgenode3,330.0,0.48020998839999995
edgenode2,330.0,0.47238998839999996
edgenode1,330.0,0.2500999939
edgeuser2,330.0,0.38128999410000003
edgeuser1,330.0,0.22873999685
netcloudhost3,330.0,0.0
netcloudhost2,330.0,0.0
netcloudhost1,330.0,0.0
netcloudhost4,330.0,0.0
internethost,330.0,5.900166791170734E-6
edgeuser3,335.0,0.0
edgenode4,335.0,0.44829498835
edgenode3,335.0,0.4459299884
edgenode2,335.0,0.43342998825
edgenode1,335.0,0.22333499445
edgeuser2,335.0,0.46187999274999997
edgeuser1,335.0,0.2487299957
netcloudhost3,335.0,0.0
netcloudhost2,335.0,0.0
netcloudhost1,335.0,0.0
netcloudhost4,335.0,0.0
internethost,335.0,1.0175069597049293E-5
edgeuser3,340.0,0.0
edgenode4,340.0,0.47937998705
edgenode3,340.0,0.48117498685
edgenode2,340.0,0.46835498680000004
edgenode1,340.0,0.24955499325
edgeuser2,340.0,0.3321399941
edgeuser1,340.0,0.40069999329999995
netcloudhost3,340.0,0.0
netcloudhost2,340.0,0.0
netcloudhost1,340.0,0.0
netcloudhost4,340.0,0.0
internethost,340.0,1.3480906496545892E-5
edgeuser3,345.0,0.0
edgenode4,345.0,0.4709149873
edgenode3,345.0,0.4661699876
edgenode2,345.0,0.45592498755
edgenode1,345.0,0.2463899934
edgeuser2,345.0,0.6868899897
edgeuser1,345.0,0.26350999579999995
netcloudhost3,345.0,0.0
netcloudhost2,345.0,0.0
netcloudhost1,345.0,0.0
netcloudhost4,345.0,0.0
internethost,345.0,4.690391148298019E-6
edgeuser3,350.0,0.0
edgenode4,350.0,0.4370099885
edgenode3,350.0,0.437634988
edgenode2,350.0,0.42033498875
edgenode1,350.0,0.22466499374999999
edgeuser2,350.0,0.2454599955
edgeuser1,350.0,0.25674999585
netcloudhost3,350.0,0.0
netcloudhost2,350.0,0.0
netcloudhost1,350.0,0.0
netcloudhost4,350.0,0.0
internethost,350.0,6.397763863380586E-6
edgeuser3,355.0,0.0
edgenode4,355.0,0.43213998825
edgenode3,355.0,0.4308549886
edgenode2,355.0,0.42851998859999996
edgenode1,355.0,0.22750999365
edgeuser2,355.0,0.52226999225
edgeuser1,355.0,0.2256699956
netcloudhost3,355.0,0.0
netcloudhost2,355.0,0.0
netcloudhost1,355.0,0.0
netcloudhost4,355.0,0.0
internethost,355.0,1.0025991933005742E-5
edgeuser3,360.0,0.0
edgenode4,360.0,0.4662299869
edgenode3,360.0,0.4648799867
edgenode2,360.0,0.45118998715
edgenode1,360.0,0.23891499315
edgeuser2,360.0,0.4153199922
edgeuser1,360.0,0.535209991
netcloudhost3,360.0,0.0
netcloudhost2,360.0,0.0
netcloudhost1,360.0,0.0
netcloudhost4,360.0,0.0
internethost,360.0,9.231094169578545E-6
edgeuser3,365.0,0.0
edgenode4,365.0,0.25273499455
edgenode3,365.0,0.2570649936
edgenode2,365.0,0.25924999465
edgenode1,365.0,0.1316749971
edgeuser2,365.0,0.39673999514999997
edgeuser1,365.0,0.7976999933
netcloudhost3,365.0,0.0
netcloudhost2,365.0,0.0
netcloudhost1,365.0,0.0
netcloudhost4,365.0,0.0
internethost,365.0,5.752187982762568E-6
edgeuser3,370.0,0.0
edgenode4,370.0,0.46599998825
edgenode3,370.0,0.46862998795
edgenode2,370.0,0.42648998985000003
edgenode1,370.0,0.24595499385
edgeuser2,370.0,0.31318999514999996
edgeuser1,370.0,0.6942099915
netcloudhost3,370.0,0.0
netcloudhost2,370.0,0.0
netcloudhost1,370.0,0.0
netcloudhost4,370.0,0.0
internethost,370.0,6.911172217353627E-6
edgeuser3,375.0,0.0
edgenode4,375.0,0.46868998905
edgenode3,375.0,0.47258498875000005
edgenode2,375.0,0.45320498945
edgenode1,375.0,0.24462999435
edgeuser2,375.0,0.36243999485
edgeuser1,375.0,0.6556199916
netcloudhost3,375.0,0.0
netcloudhost2,375.0,0.0
netcloudhost1,375.0,0.0
netcloudhost4,375.0,0.0
internethost,375.0,9.109976199036193E-6
edgeuser3,380.0,0.0
edgenode4,380.0,0.49079998625000004
edgenode3,380.0,0.47783998685
edgenode2,380.0,0.47069498660000003
edgenode1,380.0,0.2499549931
edgeuser2,380.0,0.25890999505
edgeuser1,380.0,0.36017999445
netcloudhost3,380.0,0.0
netcloudhost2,380.0,0.0
netcloudhost1,380.0,0.0
netcloudhost4,380.0,0.0
internethost,380.0,1.4607108283534148E-5
edgeuser3,385.0,0.0
edgenode4,385.0,0.45181998700000003
edgenode3,385.0,0.45751498785
edgenode2,385.0,0.43756498845
edgenode1,385.0,0.2357749934
edgeuser2,385.0,0.45687999300000004
edgeuser1,385.0,0.65034999055
netcloudhost3,385.0,0.0
netcloudhost2,385.0,0.0
netcloudhost1,385.0,0.0
netcloudhost4,385.0,0.0
internethost,385.0,6.559478338844038E-6
edgeuser3,390.0,0.0
edgenode4,390.0,0.43643998900000003
edgenode3,390.0,0.43405998925
edgenode2,390.0,0.42632998985000004
edgenode1,390.0,0.22538499445
edgeuser2,390.0,0.1830099969
edgeuser1,390.0,0.38501999465000003
netcloudhost3,390.0,0.0
netcloudhost2,390.0,0.0
netcloudhost1,390.0,0.0
netcloudhost4,390.0,0.0
internethost,390.0,5.401287724280696E-6
edgeuser3,395.0,0.0
edgenode4,395.0,0.4082599897
edgenode3,395.0,0.4073899891
edgenode2,395.0,0.38104499075
edgenode1,395.0,0.20905999465
edgeuser2,395.0,0.47140999365
edgeuser1,395.0,0.4945699926
netcloudhost3,395.0,0.0
netcloudhost2,395.0,0.0
netcloudhost1,395.0,0.0
netcloudhost4,395.0,0.0
internethost,395.0,6.351062639590906E-6
edgeuser3,400.0,0.0
edgenode4,400.0,0.44014998805
edgenode3,400.0,0.45561498855
edgenode2,400.0,0.44843998820000003
edgenode1,400.0,0.2386949939
edgeuser2,400.0,0.31913999514999997
edgeuser1,400.0,0.67485999045
netcloudhost3,400.0,0.0
netcloudhost2,400.0,0.0
netcloudhost1,400.0,0.0
netcloudhost4,400.0,0.0
internethost,400.0,4.099574754428425E-6
edgeuser3,405.0,0.0
edgenode4,405.0,0.4434399886
edgenode3,405.0,0.43634998855
edgenode2,405.0,0.42926998904999997
edgenode1,405.0,0.22467999425
edgeuser2,405.0,0.3208699951
edgeuser1,405.0,0.35851999435
netcloudhost3,405.0,0.0
netcloudhost2,405.0,0.0
netcloudhost1,405.0,0.0
netcloudhost4,405.0,0.0
internethost,405.0,5.161066338633937E-6
edgeuser3,410.0,0.0
edgenode4,410.0,0.46396498784999995
edgenode3,410.0,0.45954998820000004
edgenode2,410.0,0.4519899886
edgenode1,410.0,0.2373549939
edgeuser2,410.0,0.6781199895000001
edgeuser1,410.0,0.45506999305
netcloudhost3,410.0,0.0
netcloudhost2,410.0,0.0
netcloudhost1,410.0,0.0
netcloudhost4,410.0,0.0
internethost,410.0,6.807757971577225E-6
edgeuser3,415.0,0.0
edgenode4,415.0,0.44169498795
edgenode3,415.0,0.44543498800000003
edgenode2,415.0,0.43372998895000003
edgenode1,415.0,0.23131999379999998
edgeuser2,415.0,0.5748499921
edgeuser1,415.0,0.48582999405
netcloudhost3,415.0,0.0
netcloudhost2,415.0,0.0
netcloudhost1,415.0,0.0
netcloudhost4,415.0,0.0
internethost,415.0,9.190314535990695E-6
edgeuser3,420.0,0.0
edgenode4,420.0,0.3553749913
edgenode3,420.0,0.347734991
edgenode2,420.0,0.31502499235000003
edgenode1,420.0,0.17861499555
edgeuser2,420.0,0.28553999565
edgeuser1,420.0,0.97147998815
netcloudhost3,420.0,0.0
netcloudhost2,420.0,0.0
netcloudhost1,420.0,0.0
netcloudhost4,420.0,0.0
internethost,420.0,5.025602250271832E-6
edgeuser3,425.0,0.0
edgenode4,425.0,0.479449989
edgenode3,425.0,0.47822498944999997
edgenode2,425.0,0.47530998915
edgenode1,425.0,0.24967499429999998
edgeuser2,425.0,0.2747699964
edgeuser1,425.0,0.43684999329999996
netcloudhost3,425.0,0.0
netcloudhost2,425.0,0.0
netcloudhost1,425.0,0.0
netcloudhost4,425.0,0.0
internethost,425.0,6.2188950836431935E-6
edgeuser3,430.0,0.0
edgenode4,430.0,0.47010998815
edgenode3,430.0,0.4795599879
edgenode2,430.0,0.4506249889
edgenode1,430.0,0.24988999369999998
edgeuser2,430.0,0.65489999055
edgeuser1,430.0,0.95258998745
netcloudhost3,430.0,0.0
netcloudhost2,430.0,0.0
netcloudhost1,430.0,0.0
netcloudhost4,430.0,0.0
internethost,430.0,6.517844022295671E-6
edgeuser3,435.0,0.0
edgenode4,435.0,0.4833649869
edgenode3,435.0,0.47984498670000003
edgenode2,435.0,0.4795399871
edgenode1,435.0,0.2503799932
edgeuser2,435.0,0.3663599938
edgeuser1,435.0,0.53569999185
netcloudhost3,435.0,0.0
netcloudhost2,435.0,0.0
netcloudhost1,435.0,0.0
netcloudhost4,435.0,0.0
internethost,435.0,8.454937969405405E-6
edgeuser3,440.0,0.0
edgenode4,440.0,0.48368998485000003
edgenode3,440.0,0.48214998495
edgenode2,440.0,0.4597749855
edgenode1,440.0,0.24963499215
edgeuser2,440.0,0.3751499936
edgeuser1,440.0,0.49942999190000004
netcloudhost3,440.0,0.0
netcloudhost2,440.0,0.0
netcloudhost1,440.0,0.0
netcloudhost4,440.0,0.0
internethost,440.0,5.269852741300214E-6
edgeuser3,445.0,0.0
edgenode4,445.0,0.45114998755
edgenode3,445.0,0.45145498745
edgenode2,445.0,0.42675498775
edgenode1,445.0,0.2292649934
edgeuser2,445.0,0.6858199894
edgeuser1,445.0,0.2061999958
netcloudhost3,445.0,0.0
netcloudhost2,445.0,0.0
netcloudhost1,445.0,0.0
netcloudhost4,445.0,0.0
internethost,445.0,6.099547479075893E-6
edgeuser3,450.0,0.0
edgenode4,450.0,0.47761998475
edgenode3,450.0,0.46852498525
edgenode2,450.0,0.46277498544999995
edgenode1,450.0,0.250009992
edgeuser2,450.0,0.5220399902
edgeuser1,450.0,0.43481999235
netcloudhost3,450.0,0.0
netcloudhost2,450.0,0.0
netcloudhost1,450.0,0.0
netcloudhost4,450.0,0.0
internethost,450.0,6.649217960962798E-6
edgeuser3,455.0,0.0
edgenode4,455.0,0.48078498695
edgenode3,455.0,0.48469498635
edgenode2,455.0,0.45969998755
edgenode1,455.0,0.24985499305
edgeuser2,455.0,0.6462199905
edgeuser1,455.0,0.3647499939
netcloudhost3,455.0,0.0
netcloudhost2,455.0,0.0
netcloudhost1,455.0,0.0
netcloudhost4,455.0,0.0
internethost,455.0,4.6367915685187816E-6
edgeuser3,460.0,0.0
edgenode4,460.0,0.46748998784999996
edgenode3,460.0,0.4508099884
edgenode2,460.0,0.43202498895
edgenode1,460.0,0.22976499415
edgeuser2,460.0,0.29490999535
edgeuser1,460.0,0.25116999595
netcloudhost3,460.0,0.0
netcloudhost2,460.0,0.0
netcloudhost1,460.0,0.0
netcloudhost4,460.0,0.0
internethost,460.0,8.634356176350016E-6
edgeuser3,465.0,0.0
edgenode4,465.0,0.46536998654999995
edgenode3,465.0,0.46155498710000004
edgenode2,465.0,0.45783998675
edgenode1,465.0,0.24955499290000002
edgeuser2,465.0,0.2654499953
edgeuser1,465.0,0.33067999395
netcloudhost3,465.0,0.0
netcloudhost2,465.0,0.0
netcloudhost1,465.0,0.0
netcloudhost4,465.0,0.0
internethost,465.0,6.6736369078625295E-6
edgeuser3,470.0,0.0
edgenode4,470.0,0.48176498599999995
edgenode3,470.0,0.47789498605
edgenode2,470.0,0.46383998654999997
edgenode1,470.0,0.24955499280000001
edgeuser2,470.0,0.34414999420000003
edgeuser1,470.0,0.33963999375000004
netcloudhost3,470.0,0.0
netcloudhost2,470.0,0.0
netcloudhost1,470.0,0.0
netcloudhost4,470.0,0.0
internethost,470.0,1.0034111221047921E-5
edgeuser3,475.0,0.0
edgenode4,475.0,0.4795849865
edgenode3,475.0,0.4899849863
edgenode2,475.0,0.4670449872
edgenode1,475.0,0.250444993
edgeuser2,475.0,0.58715999055
edgeuser1,475.0,0.35002999404999996
netcloudhost3,475.0,0.0
netcloudhost2,475.0,0.0
netcloudhost1,475.0,0.0
netcloudhost4,475.0,0.0
internethost,475.0,5.122972779980801E-6
edgeuser3,480.0,0.0
edgenode4,480.0,0.48907998700000005
edgenode3,480.0,0.48125998715
edgenode2,480.0,0.46964498725
edgenode1,480.0,0.23779999364999999
edgeuser2,480.0,0.7095399895000001
edgeuser1,480.0,0.44243999225
netcloudhost3,480.0,0.0
netcloudhost2,480.0,0.0
netcloudhost1,480.0,0.0
netcloudhost4,480.0,0.0
internethost,480.0,6.813679563610476E-6
edgeuser3,485.0,0.0
edgenode4,485.0,0.35764999085
edgenode3,485.0,0.37574499040000003
edgenode2,485.0,0.3448449907
edgenode1,485.0,0.19271999525
edgeuser2,485.0,0.74996999015
edgeuser1,485.0,0.79246998995
netcloudhost3,485.0,0.0
netcloudhost2,485.0,0.0
netcloudhost1,485.0,0.0
netcloudhost4,485.0,0.0
internethost,485.0,4.807724197427376E-6
edgeuser3,490.0,0.0
edgenode4,490.0,0.4846549866
edgenode3,490.0,0.48417998595
edgenode2,490.0,0.481924986
edgenode1,490.0,0.25023499285
edgeuser2,490.0,0.25979999505
edgeuser1,490.0,0.1461599964
netcloudhost3,490.0,0.0
netcloudhost2,490.0,0.0
netcloudhost1,490.0,0.0
netcloudhost4,490.0,0.0
internethost,490.0,2.6657552839303213E-6
edgeuser3,495.0,0.0
edgenode4,495.0,0.4427449891
edgenode3,495.0,0.4411549891
edgenode2,495.0,0.43002498985000004
edgenode1,495.0,0.2282899943
edgeuser2,495.0,0.38586999369999997
edgeuser1,495.0,0.23766999590000001
netcloudhost3,495.0,0.0
netcloudhost2,495.0,0.0
netcloudhost1,495.0,0.0
netcloudhost4,495.0,0.0
internethost,495.0,2.89810155878832E-6
edgeuser3,500.0,0.0
edgenode4,500.0,0.4834549866
edgenode3,500.0,0.47810498715
edgenode2,500.0,0.46429498735
edgenode1,500.0,0.2481099934
edgeuser2,500.0,0.2072099959
edgeuser1,500.0,0.5127399922
netcloudhost3,500.0,0.0
netcloudhost2,500.0,0.0
netcloudhost1,500.0,0.0
netcloudhost4,500.0,0.0
internethost,500.0,7.970405046585488E-6
edgeuser3,505.0,0.0
edgenode4,505.0,0.33695999174999997
edgenode3,505.0,0.35746499055
edgenode2,505.0,0.3580949911
edgenode1,505.0,0.18167999499999998
edgeuser2,505.0,0.42466999395
edgeuser1,505.0,0.7484699909
netcloudhost3,505.0,0.0
netcloudhost2,505.0,0.0
netcloudhost1,505.0,0.0
netcloudhost4,505.0,0.0
internethost,505.0,4.92261534490736E-6
edgeuser3,510.0,0.0
edgenode4,510.0,0.4042699892
edgenode3,510.0,0.39120498924999997
edgenode2,510.0,0.36366998995
edgenode1,510.0,0.2071749943
edgeuser2,510.0,0.2423499963
edgeuser1,510.0,0.8398299883
netcloudhost3,510.0,0.0
netcloudhost2,510.0,0.0
netcloudhost1,510.0,0.0
netcloudhost4,510.0,0.0
internethost,510.0,6.818868610147811E-6
edgeuser3,515.0,0.0
edgenode4,515.0,0.48366998544999995
edgenode3,515.0,0.4862199851
edgenode2,515.0,0.46342498595
edgenode1,515.0,0.2498699924
edgeuser2,515.0,0.46565999105
edgeuser1,515.0,0.4418799929
netcloudhost3,515.0,0.0
netcloudhost2,515.0,0.0
netcloudhost1,515.0,0.0
netcloudhost4,515.0,0.0
internethost,515.0,8.240356484688053E-6
edgeuser3,520.0,0.0
edgenode4,520.0,0.4198799869
edgenode3,520.0,0.4298549872
edgenode2,520.0,0.42679498745
edgenode1,520.0,0.21331499375
edgeuser2,520.0,0.66263998925
edgeuser1,520.0,0.2641899951
netcloudhost3,520.0,0.0
netcloudhost2,520.0,0.0
netcloudhost1,520.0,0.0
netcloudhost4,520.0,0.0
internethost,520.0,4.060565485289441E-6
edgeuser3,525.0,0.0
edgenode4,525.0,0.4549499861
edgenode3,525.0,0.42843998655
edgenode2,525.0,0.41474998745
edgenode1,525.0,0.22371999290000003
edgeuser2,525.0,0.41988999235
edgeuser1,525.0,0.5244199912499999
netcloudhost3,525.0,0.0
netcloudhost2,525.0,0.0
netcloudhost1,525.0,0.0
netcloudhost4,525.0,0.0
internethost,525.0,8.54834043957229E-6
edgeuser3,530.0,0.0
edgenode4,530.0,0.42186498564999997
edgenode3,530.0,0.4366699853
edgenode2,530.0,0.4231799864
edgenode1,530.0,0.22465999234999998
edgeuser2,530.0,0.74949998715
edgeuser1,530.0,0.45853999170000004
netcloudhost3,530.0,0.0
netcloudhost2,530.0,0.0
netcloudhost1,530.0,0.0
netcloudhost4,530.0,0.0
internethost,530.0,5.5523799434569524E-6
edgeuser3,535.0,0.0
edgenode4,535.0,0.28105499274999995
edgenode3,535.0,0.28311499305
edgenode2,535.0,0.29162499285
edgenode1,535.0,0.15262499605
edgeuser2,535.0,0.2371399964
edgeuser1,535.0,0.8349599893999999
netcloudhost3,535.0,0.0
netcloudhost2,535.0,0.0
netcloudhost1,535.0,0.0
netcloudhost4,535.0,0.0
internethost,535.0,2.877284410129096E-6
edgeuser3,540.0,0.0
edgenode4,540.0,0.3241199901
edgenode3,540.0,0.32178998979999995
edgenode2,540.0,0.28490999195
edgenode1,540.0,0.16511499465
edgeuser2,540.0,0.7177599907
edgeuser1,540.0,1.0008199871
netcloudhost3,540.0,0.0
netcloudhost2,540.0,0.0
netcloudhost1,540.0,0.0
netcloudhost4,540.0,0.0
internethost,540.0,4.311775409586311E-6
edgeuser3,545.0,0.0
edgenode4,545.0,0.4829949834
edgenode3,545.0,0.48199998284999995
edgenode2,545.0,0.4683499843
edgenode1,545.0,0.24993499145
edgeuser2,545.0,0.33588999325
edgeuser1,545.0,0.38735999164999996
netcloudhost3,545.0,0.0
netcloudhost2,545.0,0.0
netcloudhost1,545.0,0.0
netcloudhost4,545.0,0.0
internethost,545.0,8.037312948124291E-6
edgeuser3,550.0,0.0
edgenode4,550.0,0.4831149841
edgenode3,550.0,0.48216998385000004
edgenode2,550.0,0.46092498545
edgenode1,550.0,0.25014499185
edgeuser2,550.0,0.4046799922
edgeuser1,550.0,0.21926999600000002
netcloudhost3,550.0,0.0
netcloudhost2,550.0,0.0
netcloudhost1,550.0,0.0
netcloudhost4,550.0,0.0
internethost,550.0,4.464271707796149E-6
edgeuser3,555.0,0.0
edgenode4,555.0,0.4742549838
edgenode3,555.0,0.4782949832
edgenode2,555.0,0.4760949838
edgenode1,555.0,0.24356999170000002
edgeuser2,555.0,0.3503399934
edgeuser1,555.0,0.5627699894
netcloudhost3,555.0,0.0
netcloudhost2,555.0,0.0
netcloudhost1,555.0,0.0
netcloudhost4,555.0,0.0
internethost,555.0,8.323930326836852E-6
edgeuser3,560.0,0.0
edgenode4,560.0,0.42787498645000005
edgenode3,560.0,0.4172899864
edgenode2,560.0,0.40141998674999996
edgenode1,560.0,0.21823999305
edgeuser2,560.0,0.31178999469999996
edgeuser1,560.0,0.45981999235000004
netcloudhost3,560.0,0.0
netcloudhost2,560.0,0.0
netcloudhost1,560.0,0.0
netcloudhost4,560.0,0.0
internethost,560.0,5.4393812695034125E-6
edgeuser3,565.0,0.0
edgenode4,565.0,0.45424498495
edgenode3,565.0,0.4487799844
edgenode2,565.0,0.44175998489999996
edgenode1,565.0,0.23551999225
edgeuser2,565.0,0.39721999215
edgeuser1,565.0,0.34505999385
netcloudhost3,565.0,0.0
netcloudhost2,565.0,0.0
netcloudhost1,565.0,0.0
netcloudhost4,565.0,0.0
internethost,565.0,4.101161984105805E-6
edgeuser3,570.0,0.0
edgenode4,570.0,0.4269399861
edgenode3,570.0,0.43750498655
edgenode2,570.0,0.42037998725000003
edgenode1,570.0,0.216134993
edgeuser2,570.0,0.64399998895
edgeuser1,570.0,0.2285199956
netcloudhost3,570.0,0.0
netcloudhost2,570.0,0.0
netcloudhost1,570.0,0.0
netcloudhost4,570.0,0.0
internethost,570.0,8.990933846864587E-6
edgeuser3,575.0,0.0
edgenode4,575.0,0.3990849883
edgenode3,575.0,0.39386498904999995
edgenode2,575.0,0.37525998930000004
edgenode1,575.0,0.2085049941
edgeuser2,575.0,0.30899999489999996
edgeuser1,575.0,0.30076999475
netcloudhost3,575.0,0.0
netcloudhost2,575.0,0.0
netcloudhost1,575.0,0.0
netcloudhost4,575.0,0.0
internethost,575.0,6.981010398246641E-6
edgeuser3,580.0,0.0
edgenode4,580.0,0.42303498775
edgenode3,580.0,0.4165849875
edgenode2,580.0,0.40437998825
edgenode1,580.0,0.21811999359999998
edgeuser2,580.0,0.32610999524999995
edgeuser1,580.0,0.31293999415
netcloudhost3,580.0,0.0
netcloudhost2,580.0,0.0
netcloudhost1,580.0,0.0
netcloudhost4,580.0,0.0
internethost,580.0,3.997015181844963E-6
edgeuser3,585.0,0.0
edgenode4,585.0,0.4007299866
edgenode3,585.0,0.41204998595
edgenode2,585.0,0.3856899867
edgenode1,585.0,0.2033599933
edgeuser2,585.0,0.2107999959
edgeuser1,585.0,0.45715999155
netcloudhost3,585.0,0.0
netcloudhost2,585.0,0.0
netcloudhost1,585.0,0.0
netcloudhost4,585.0,0.0
internethost,585.0,6.035875089141364E-6
edgeuser3,590.0,0.0
edgenode4,590.0,0.43499498585
edgenode3,590.0,0.42951498595
edgenode2,590.0,0.4223699863
edgenode1,590.0,0.2320349928
edgeuser2,590.0,0.3081999941
edgeuser1,590.0,0.32423999355
netcloudhost3,590.0,0.0
netcloudhost2,590.0,0.0
netcloudhost1,590.0,0.0
netcloudhost4,590.0,0.0
internethost,590.0,5.704143708380348E-6
edgeuser3,595.0,0.0
edgenode4,595.0,0.40373498695
edgenode3,595.0,0.40603998680000003
edgenode2,595.0,0.390494987
edgenode1,595.0,0.20802999295000002
edgeuser2,595.0,0.77309998565
edgeuser1,595.0,0.34247999414999997
netcloudhost3,595.0,0.0
netcloudhost2,595.0,0.0
netcloudhost1,595.0,0.0
netcloudhost4,595.0,0.0
internethost,595.0,4.110074901332805E-6
edgeuser3,600.0,0.0
edgenode4,600.0,0.37903498605
edgenode3,600.0,0.38317998585
edgenode2,600.0,0.37582498664999997
edgenode1,600.0,0.19856499275
edgeuser2,600.0,0.7458299873
edgeuser1,600.0,0.30220999395
netcloudhost3,600.0,0.0
netcloudhost2,600.0,0.0
netcloudhost1,600.0,0.0
netcloudhost4,600.0,0.0
internethost,600.0,5.010279352318218E-6
edgeuser3,605.0,0.0
edgenode4,605.0,0.1287449964
edgenode3,605.0,0.11749499665
edgenode2,605.0,0.1201949968
edgenode1,605.0,0.05337499845
edgeuser2,605.0,0.0237899997
edgeuser1,605.0,0.038599999450000005
netcloudhost3,605.0,0.0
netcloudhost2,605.0,0.0
netcloudhost1,605.0,0.0
netcloudhost4,605.0,0.0
internethost,605.0,3.5910502214578657E-6
edgenode4,610.0,0.0
edgenode3,610.0,0.0
edgenode2,610.0,0.0
edgenode1,610.0,0.0
edgeuser2,610.0,0.0
edgeuser1,610.0,0.0
netcloudhost3,610.0,0.0
netcloudhost2,610.0,0.0
netcloudhost1,610.0,0.0
netcloudhost4,610.0,0.0
internethost,610.0,0.0
edgenode4,615.0,0.0
edgenode3,615.0,0.0
edgenode2,615.0,0.0
edgenode1,615.0,0.0
edgeuser2,615.0,0.0
edgeuser1,615.0,0.0
netcloudhost3,615.0,0.0
netcloudhost2,615.0,0.0
netcloudhost1,615.0,0.0
netcloudhost4,615.0,0.0
internethost,615.0,0.0
edgenode4,620.0,0.0
edgenode3,620.0,0.0
edgenode2,620.0,0.0
edgenode1,620.0,0.0
edgeuser2,620.0,0.0
edgeuser1,620.0,0.0
netcloudhost3,620.0,0.0
netcloudhost2,620.0,0.0
netcloudhost1,620.0,0.0
netcloudhost4,620.0,0.0
internethost,620.0,0.0
