edge2edge1,5.0,0.0
edge2core,5.0,0.0
edge2gw,5.0,0.0
edgeedge3,5.0,0.01756777777777752
edgeedge2,5.0,0.004238408333333248
edgeedge1,5.0,0.006297499999999921
edgecore,5.0,0.013594797222222012
edgegw,5.0,0.0034349999999999524
netcloudedge2,5.0,0.0
netcloudedge1,5.0,0.0
netcloudcore,5.0,0.0
netcloudgw,5.0,0.0
edgegw,5.0,0.0
netcloudgw,5.0,0.0
inter2,5.0,0.0034349999999999524
inter1,5.0,0.0034349999999999524
internetgw,5.0,0.0034349999999999524
edge2gw,5.0,0.0
internetedge,5.0,0.0034349999999999524
internetcore,5.0,0.0034349999999999524
internetgw,5.0,0.0
edge2edge1,10.0,0.0
edge2core,10.0,0.0
edge2gw,10.0,0.0
edgeedge3,10.0,0.017764166666666147
edgeedge2,10.0,0.005915833333333208
edgeedge1,10.0,0.00540630833333316
edgecore,10.0,0.013976124999999557
edgegw,10.0,0.003782316666666598
netcloudedge2,10.0,0.0
netcloudedge1,10.0,0.0
netcloudcore,10.0,0.0
netcloudgw,10.0,0.0
edgegw,10.0,0.0
netcloudgw,10.0,0.0
inter2,10.0,0.003782316666666598
inter1,10.0,0.003782316666666598
internetgw,10.0,0.003782316666666598
edge2gw,10.0,0.0
internetedge,10.0,0.003782316666666598
internetcore,10.0,0.003782316666666598
internetgw,10.0,0.0
edge2edge1,15.0,0.0
edge2core,15.0,0.0
edge2gw,15.0,0.0
edgeedge3,15.0,0.019288055555555003
edgeedge2,15.0,0.006419633333333112
edgeedge1,15.0,0.00585476666666653
edgecore,15.0,0.014751213888888452
edgegw,15.0,0.003625833333333256
netcloudedge2,15.0,0.0
netcloudedge1,15.0,0.0
netcloudcore,15.0,0.0
netcloudgw,15.0,0.0
edgegw,15.0,0.0
netcloudgw,15.0,0.0
inter2,15.0,0.003625833333333256
inter1,15.0,0.003625833333333256
internetgw,15.0,0.003625833333333256
edge2gw,15.0,0.0
internetedge,15.0,0.003625833333333256
internetcore,15.0,0.003625833333333256
internetgw,15.0,0.0
edge2edge1,20.0,0.0
edge2core,20.0,0.0
edge2gw,20.0,0.0
edgeedge3,20.0,0.024086666666669615
edgeedge2,20.0,0.0057250000000007295
edgeedge1,20.0,0.005915833333334057
edgecore,20.0,0.017949444444446662
edgegw,20.0,0.007060833333334239
netcloudedge2,20.0,0.0
netcloudedge1,20.0,0.0
netcloudcore,20.0,0.0
netcloudgw,20.0,0.0
edgegw,20.0,0.0
netcloudgw,20.0,0.0
inter2,20.0,0.007060833333334239
inter1,20.0,0.007060833333334239
internetgw,20.0,0.007060833333334239
edge2gw,20.0,0.0
internetedge,20.0,0.007060833333334239
internetcore,20.0,0.007060833333334239
internetgw,20.0,0.0
edge2edge1,25.0,0.0
edge2core,25.0,0.0
edge2gw,25.0,0.0
edgeedge3,25.0,0.028137072222226403
edgeedge2,25.0,0.005343333333334144
edgeedge1,25.0,0.007337541666667904
edgecore,25.0,0.01910833333333626
edgegw,25.0,0.00811995833333444
netcloudedge2,25.0,0.0
netcloudedge1,25.0,0.0
netcloudcore,25.0,0.0
netcloudgw,25.0,0.0
edgegw,25.0,0.0
netcloudgw,25.0,0.0
inter2,25.0,0.00811995833333444
inter1,25.0,0.00811995833333444
internetgw,25.0,0.00811995833333444
edge2gw,25.0,0.0
internetedge,25.0,0.00811995833333444
internetcore,25.0,0.00811995833333444
internetgw,25.0,0.0
edge2edge1,30.0,0.0
edge2core,30.0,0.0
edge2gw,30.0,0.0
edgeedge3,30.0,0.026975277777781928
edgeedge2,30.0,0.0042345916666673596
edgeedge1,30.0,0.004961666666667419
edgecore,30.0,0.018339444444447253
edgegw,30.0,0.01045957500000154
netcloudedge2,30.0,0.0
netcloudedge1,30.0,0.0
netcloudcore,30.0,0.0
netcloudgw,30.0,0.0
edgegw,30.0,0.0
netcloudgw,30.0,0.0
inter2,30.0,0.01045957500000154
inter1,30.0,0.01045957500000154
internetgw,30.0,0.01045957500000154
edge2gw,30.0,0.0
internetedge,30.0,0.01045957500000154
internetcore,30.0,0.01045957500000154
internetgw,30.0,0.0
edge2edge1,35.0,0.0
edge2core,35.0,0.0
edge2gw,35.0,0.0
edgeedge3,35.0,0.027159444444443764
edgeedge2,35.0,0.005455924999999723
edgeedge1,35.0,0.0034101916666669715
edgecore,35.0,0.019284238888887834
edgegw,35.0,0.01135839999999904
netcloudedge2,35.0,0.0
netcloudedge1,35.0,0.0
netcloudcore,35.0,0.0
netcloudgw,35.0,0.0
edgegw,35.0,0.0
netcloudgw,35.0,0.0
inter2,35.0,0.01135839999999904
inter1,35.0,0.01135839999999904
internetgw,35.0,0.01135839999999904
edge2gw,35.0,0.0
internetedge,35.0,0.01135839999999904
internetcore,35.0,0.01135839999999904
internetgw,35.0,0.0
edge2edge1,40.0,0.0
edge2core,40.0,0.0
edge2gw,40.0,0.0
edgeedge3,40.0,0.031011722222217514
edgeedge2,40.0,0.006221166666665383
edgeedge1,40.0,0.007442499999998423
edgecore,40.0,0.02388576111110699
edgegw,40.0,0.012102649999997266
netcloudedge2,40.0,0.0
netcloudedge1,40.0,0.0
netcloudcore,40.0,0.0
netcloudgw,40.0,0.0
edgegw,40.0,0.0
netcloudgw,40.0,0.0
inter2,40.0,0.012102649999997266
inter1,40.0,0.012102649999997266
internetgw,40.0,0.012102649999997266
edge2gw,40.0,0.0
internetedge,40.0,0.012102649999997266
internetcore,40.0,0.012102649999997266
internetgw,40.0,0.0
edge2edge1,45.0,0.0
edge2core,45.0,0.0
edge2gw,45.0,0.0
edgeedge3,45.0,0.031407749999995266
edgeedge2,45.0,0.004039941666665679
edgeedge1,45.0,0.008165758333331212
edgecore,45.0,0.02412621111110752
edgegw,45.0,0.013801066666664162
netcloudedge2,45.0,0.0
netcloudedge1,45.0,0.0
netcloudcore,45.0,0.0
netcloudgw,45.0,0.0
edgegw,45.0,0.0
netcloudgw,45.0,0.0
inter2,45.0,0.013801066666664162
inter1,45.0,0.013801066666664162
internetgw,45.0,0.013801066666664162
edge2gw,45.0,0.0
internetedge,45.0,0.013801066666664162
internetcore,45.0,0.013801066666664162
internetgw,45.0,0.0
edge2edge1,50.0,0.0
edge2core,50.0,0.0
edge2gw,50.0,0.0
edgeedge3,50.0,0.0276035277777735
edgeedge2,50.0,0.0052536416666655525
edgeedge1,50.0,0.005343333333332201
edgecore,50.0,0.020637777777774813
edgegw,50.0,0.011921358333330814
netcloudedge2,50.0,0.0
netcloudedge1,50.0,0.0
netcloudcore,50.0,0.0
netcloudgw,50.0,0.0
edgegw,50.0,0.0
netcloudgw,50.0,0.0
inter2,50.0,0.011921358333330814
inter1,50.0,0.011921358333330814
internetgw,50.0,0.011921358333330814
edge2gw,50.0,0.0
internetedge,50.0,0.011921358333330814
internetcore,50.0,0.011921358333330814
internetgw,50.0,0.0
edge2edge1,55.0,0.0
edge2core,55.0,0.0
edge2gw,55.0,0.0
edgeedge3,55.0,0.031787199999994686
edgeedge2,55.0,0.005646758333331704
edgeedge1,55.0,0.006125749999998001
edgecore,55.0,0.022741658333330472
edgegw,55.0,0.013039641666665616
netcloudedge2,55.0,0.0
netcloudedge1,55.0,0.0
netcloudcore,55.0,0.0
netcloudgw,55.0,0.0
edgegw,55.0,0.0
netcloudgw,55.0,0.0
inter2,55.0,0.013039641666665616
inter1,55.0,0.013039641666665616
internetgw,55.0,0.013039641666665616
edge2gw,55.0,0.0
internetedge,55.0,0.013039641666665616
internetcore,55.0,0.013039641666665616
internetgw,55.0,0.0
edge2edge1,60.0,0.0
edge2core,60.0,0.0
edge2gw,60.0,0.0
edgeedge3,60.0,0.03002847222221733
edgeedge2,60.0,0.005849041666665375
edgeedge1,60.0,0.005677291666665224
edgecore,60.0,0.021512833333330095
edgegw,60.0,0.011678999999997719
netcloudedge2,60.0,0.0
netcloudedge1,60.0,0.0
netcloudcore,60.0,0.0
netcloudgw,60.0,0.0
edgegw,60.0,0.0
netcloudgw,60.0,0.0
inter2,60.0,0.011678999999997719
inter1,60.0,0.011678999999997719
internetgw,60.0,0.011678999999997719
edge2gw,60.0,0.0
internetedge,60.0,0.011678999999997719
internetcore,60.0,0.011678999999997719
internetgw,60.0,0.0
edge2edge1,65.0,0.0
edge2core,65.0,0.0
edge2gw,65.0,0.0
edgeedge3,65.0,0.03309194444444313
edgeedge2,65.0,0.006679166666666084
edgeedge1,65.0,0.005915833333333051
edgecore,65.0,0.02407080555555488
edgegw,65.0,0.01322284166666561
netcloudedge2,65.0,0.0
netcloudedge1,65.0,0.0
netcloudcore,65.0,0.0
netcloudgw,65.0,0.0
edgegw,65.0,0.0
netcloudgw,65.0,0.0
inter2,65.0,0.01322284166666561
inter1,65.0,0.01322284166666561
internetgw,65.0,0.01322284166666561
edge2gw,65.0,0.0
internetedge,65.0,0.01322284166666561
internetcore,65.0,0.01322284166666561
internetgw,65.0,0.0
edge2edge1,70.0,0.0
edge2core,70.0,0.0
edge2gw,70.0,0.0
edgeedge3,70.0,0.030383666666680353
edgeedge2,70.0,0.004927316666669707
edgeedge1,70.0,0.00572500000000295
edgecore,70.0,0.020825333333342688
edgegw,70.0,0.011831666666672014
netcloudedge2,70.0,0.0
netcloudedge1,70.0,0.0
netcloudcore,70.0,0.0
netcloudgw,70.0,0.0
edgegw,70.0,0.0
netcloudgw,70.0,0.0
inter2,70.0,0.011831666666672014
inter1,70.0,0.011831666666672014
internetgw,70.0,0.011831666666672014
edge2gw,70.0,0.0
internetedge,70.0,0.011831666666672014
internetcore,70.0,0.011831666666672014
internetgw,70.0,0.0
edge2edge1,75.0,0.0
edge2core,75.0,0.0
edge2gw,75.0,0.0
edgeedge3,75.0,0.03062500000001417
edgeedge2,75.0,0.005417758333336659
edgeedge1,75.0,0.00687000000000354
edgecore,75.0,0.022426925000010645
edgegw,75.0,0.011831666666671903
netcloudedge2,75.0,0.0
netcloudedge1,75.0,0.0
netcloudcore,75.0,0.0
netcloudgw,75.0,0.0
edgegw,75.0,0.0
netcloudgw,75.0,0.0
inter2,75.0,0.011831666666671903
inter1,75.0,0.011831666666671903
internetgw,75.0,0.011831666666671903
edge2gw,75.0,0.0
internetedge,75.0,0.011831666666671903
internetcore,75.0,0.011831666666671903
internetgw,75.0,0.0
edge2edge1,80.0,0.0
edge2core,80.0,0.0
edge2gw,80.0,0.0
edgeedge3,80.0,0.033078055555570585
edgeedge2,80.0,0.007434866666673243
edgeedge1,80.0,0.005465466666667779
edgecore,80.0,0.02321697500001102
edgegw,80.0,0.01200914166667158
netcloudedge2,80.0,0.0
netcloudedge1,80.0,0.0
netcloudcore,80.0,0.0
netcloudgw,80.0,0.0
edgegw,80.0,0.0
netcloudgw,80.0,0.0
inter2,80.0,0.01200914166667158
inter1,80.0,0.01200914166667158
internetgw,80.0,0.01200914166667158
edge2gw,80.0,0.0
internetedge,80.0,0.01200914166667158
internetcore,80.0,0.01200914166667158
internetgw,80.0,0.0
edge2edge1,85.0,0.0
edge2core,85.0,0.0
edge2gw,85.0,0.0
edgeedge3,85.0,0.028613063888901558
edgeedge2,85.0,0.00554943333333642
edgeedge1,85.0,0.005076166666668963
edgecore,85.0,0.020438611111120275
edgegw,85.0,0.011129400000005035
netcloudedge2,85.0,0.0
netcloudedge1,85.0,0.0
netcloudcore,85.0,0.0
netcloudgw,85.0,0.0
edgegw,85.0,0.0
netcloudgw,85.0,0.0
inter2,85.0,0.011129400000005035
inter1,85.0,0.011129400000005035
internetgw,85.0,0.011129400000005035
edge2gw,85.0,0.0
internetedge,85.0,0.011129400000005035
internetcore,85.0,0.011129400000005035
internetgw,85.0,0.0
edge2edge1,90.0,0.0
edge2core,90.0,0.0
edge2gw,90.0,0.0
edgeedge3,90.0,0.035162388888905716
edgeedge2,90.0,0.0057269083333377074
edgeedge1,90.0,0.00769630833333719
edgecore,90.0,0.024777561111122948
edgegw,90.0,0.012371725000003886
netcloudedge2,90.0,0.0
netcloudedge1,90.0,0.0
netcloudcore,90.0,0.0
netcloudgw,90.0,0.0
edgegw,90.0,0.0
netcloudgw,90.0,0.0
inter2,90.0,0.012371725000003886
inter1,90.0,0.012371725000003886
internetgw,90.0,0.012371725000003886
edge2gw,90.0,0.0
internetedge,90.0,0.012371725000003886
internetcore,90.0,0.012371725000003886
internetgw,90.0,0.0
edge2edge1,95.0,0.0
edge2core,95.0,0.0
edge2gw,95.0,0.0
edgeedge3,95.0,0.03269633333335553
edgeedge2,95.0,0.005873850000003816
edgeedge1,95.0,0.005343333333336087
edgecore,95.0,0.022582369444455297
edgegw,95.0,0.013245741666672417
netcloudedge2,95.0,0.0
netcloudedge1,95.0,0.0
netcloudcore,95.0,0.0
netcloudgw,95.0,0.0
edgegw,95.0,0.0
netcloudgw,95.0,0.0
inter2,95.0,0.013245741666672417
inter1,95.0,0.013245741666672417
internetgw,95.0,0.013245741666672417
edge2gw,95.0,0.0
internetedge,95.0,0.013245741666672417
internetcore,95.0,0.013245741666672417
internetgw,95.0,0.0
edge2edge1,100.0,0.0
edge2core,100.0,0.0
edge2gw,100.0,0.0
edgeedge3,100.0,0.030616666666687165
edgeedge2,100.0,0.005152500000002641
edgeedge1,100.0,0.0062421583333374525
edgecore,100.0,0.02223522222223223
edgegw,100.0,0.012345008333337959
netcloudedge2,100.0,0.0
netcloudedge1,100.0,0.0
netcloudcore,100.0,0.0
netcloudgw,100.0,0.0
edgegw,100.0,0.0
netcloudgw,100.0,0.0
inter2,100.0,0.012345008333337959
inter1,100.0,0.012345008333337959
internetgw,100.0,0.012345008333337959
edge2gw,100.0,0.0
internetedge,100.0,0.012345008333337959
internetcore,100.0,0.012345008333337959
internetgw,100.0,0.0
edge2edge1,105.0,0.0
edge2core,105.0,0.0
edge2gw,105.0,0.0
edgeedge3,105.0,0.03346188888891177
edgeedge2,105.0,0.005683016666669857
edgeedge1,105.0,0.006566575000004446
edgecore,105.0,0.02376318611112299
edgegw,105.0,0.01297666666667241
netcloudedge2,105.0,0.0
netcloudedge1,105.0,0.0
netcloudcore,105.0,0.0
netcloudgw,105.0,0.0
edgegw,105.0,0.0
netcloudgw,105.0,0.0
inter2,105.0,0.01297666666667241
inter1,105.0,0.01297666666667241
internetgw,105.0,0.01297666666667241
edge2gw,105.0,0.0
internetedge,105.0,0.01297666666667241
internetcore,105.0,0.01297666666667241
internetgw,105.0,0.0
edge2edge1,110.0,0.0
edge2core,110.0,0.0
edge2gw,110.0,0.0
edgeedge3,110.0,0.032507611111132984
edgeedge2,110.0,0.007486391666670603
edgeedge1,110.0,0.005528441666670353
edgecore,110.0,0.022967683333344313
edgegw,110.0,0.012209516666671416
netcloudedge2,110.0,0.0
netcloudedge1,110.0,0.0
netcloudcore,110.0,0.0
netcloudgw,110.0,0.0
edgegw,110.0,0.0
netcloudgw,110.0,0.0
inter2,110.0,0.012209516666671416
inter1,110.0,0.012209516666671416
internetgw,110.0,0.012209516666671416
edge2gw,110.0,0.0
internetedge,110.0,0.012209516666671416
internetcore,110.0,0.012209516666671416
internetgw,110.0,0.0
edge2edge1,115.0,0.0
edge2core,115.0,0.0
edge2gw,115.0,0.0
edgeedge3,115.0,0.03039040555557504
edgeedge2,115.0,0.006062775000002449
edgeedge1,115.0,0.00644825833333626
edgecore,115.0,0.022976355555566597
edgegw,115.0,0.012533933333339908
netcloudedge2,115.0,0.0
netcloudedge1,115.0,0.0
netcloudcore,115.0,0.0
netcloudgw,115.0,0.0
edgegw,115.0,0.0
netcloudgw,115.0,0.0
inter2,115.0,0.012533933333339908
inter1,115.0,0.012533933333339908
internetgw,115.0,0.012533933333339908
edge2gw,115.0,0.0
internetedge,115.0,0.012533933333339908
internetcore,115.0,0.012533933333339908
internetgw,115.0,0.0
edge2edge1,120.0,0.0
edge2core,120.0,0.0
edge2gw,120.0,0.0
edgeedge3,120.0,0.03156569444446533
edgeedge2,120.0,0.005936825000003643
edgeedge1,120.0,0.005652483333337344
edgecore,120.0,0.021329522222233555
edgegw,120.0,0.012717133333337599
netcloudedge2,120.0,0.0
netcloudedge1,120.0,0.0
netcloudcore,120.0,0.0
netcloudgw,120.0,0.0
edgegw,120.0,0.0
netcloudgw,120.0,0.0
inter2,120.0,0.012717133333337599
inter1,120.0,0.012717133333337599
internetgw,120.0,0.012717133333337599
edge2gw,120.0,0.0
internetedge,120.0,0.012717133333337599
internetcore,120.0,0.012717133333337599
internetgw,120.0,0.0
edge2edge1,125.0,0.0
edge2core,125.0,0.0
edge2gw,125.0,0.0
edgeedge3,125.0,0.02984150000002017
edgeedge2,125.0,0.005725000000002561
edgeedge1,125.0,0.005820416666669936
edgecore,125.0,0.02128105555557036
edgegw,125.0,0.011240083333337647
netcloudedge2,125.0,0.0
netcloudedge1,125.0,0.0
netcloudcore,125.0,0.0
netcloudgw,125.0,0.0
edgegw,125.0,0.0
netcloudgw,125.0,0.0
inter2,125.0,0.011240083333337647
inter1,125.0,0.011240083333337647
internetgw,125.0,0.011240083333337647
edge2gw,125.0,0.0
internetedge,125.0,0.011240083333337647
internetcore,125.0,0.011240083333337647
internetgw,125.0,0.0
edge2edge1,130.0,0.0
edge2core,130.0,0.0
edge2gw,130.0,0.0
edgeedge3,130.0,0.0278978750000054
edgeedge2,130.0,0.004257491666666335
edgeedge1,130.0,0.00467732500000162
edgecore,130.0,0.019292041666669757
edgegw,130.0,0.010921391666665836
netcloudedge2,130.0,0.0
netcloudedge1,130.0,0.0
netcloudcore,130.0,0.0
netcloudgw,130.0,0.0
edgegw,130.0,0.0
netcloudgw,130.0,0.0
inter2,130.0,0.010921391666665836
inter1,130.0,0.010921391666665836
internetgw,130.0,0.010921391666665836
edge2gw,130.0,0.0
internetedge,130.0,0.010921391666665836
internetcore,130.0,0.010921391666665836
internetgw,130.0,0.0
edge2edge1,135.0,0.0
edge2core,135.0,0.0
edge2gw,135.0,0.0
edgeedge3,135.0,0.029466013888859388
edgeedge2,135.0,0.00722685833332623
edgeedge1,135.0,0.0054196666666618265
edgecore,135.0,0.02165040277775554
edgegw,135.0,0.010320266666656752
netcloudedge2,135.0,0.0
netcloudedge1,135.0,0.0
netcloudcore,135.0,0.0
netcloudgw,135.0,0.0
edgegw,135.0,0.0
netcloudgw,135.0,0.0
inter2,135.0,0.010320266666656752
inter1,135.0,0.010320266666656752
internetgw,135.0,0.010320266666656752
edge2gw,135.0,0.0
internetedge,135.0,0.010320266666656752
internetcore,135.0,0.010320266666656752
internetgw,135.0,0.0
edge2edge1,140.0,0.0
edge2core,140.0,0.0
edge2gw,140.0,0.0
edgeedge3,140.0,0.03259061388885387
edgeedge2,140.0,0.006165824999992325
edgeedge1,140.0,0.006297499999994516
edgecore,140.0,0.023363947222196035
edgegw,140.0,0.01349954999998626
netcloudedge2,140.0,0.0
netcloudedge1,140.0,0.0
netcloudcore,140.0,0.0
netcloudgw,140.0,0.0
edgegw,140.0,0.0
netcloudgw,140.0,0.0
inter2,140.0,0.01349954999998626
inter1,140.0,0.01349954999998626
internetgw,140.0,0.01349954999998626
edge2gw,140.0,0.0
internetedge,140.0,0.01349954999998626
internetcore,140.0,0.01349954999998626
internetgw,140.0,0.0
edge2edge1,145.0,0.0
edge2core,145.0,0.0
edge2gw,145.0,0.0
edgeedge3,145.0,0.032947041666634536
edgeedge2,145.0,0.0068699999999940475
edgeedge1,145.0,0.0070608333333272155
edgecore,145.0,0.02447787499997589
edgegw,145.0,0.013367874999986817
netcloudedge2,145.0,0.0
netcloudedge1,145.0,0.0
netcloudcore,145.0,0.0
netcloudgw,145.0,0.0
edgegw,145.0,0.0
netcloudgw,145.0,0.0
inter2,145.0,0.013367874999986817
inter1,145.0,0.013367874999986817
internetgw,145.0,0.013367874999986817
edge2gw,145.0,0.0
internetedge,145.0,0.013367874999986817
internetcore,145.0,0.013367874999986817
internetgw,145.0,0.0
edge2edge1,150.0,0.0
edge2core,150.0,0.0
edge2gw,150.0,0.0
edgeedge3,150.0,0.030565180555524707
edgeedge2,150.0,0.005074258333327891
edgeedge1,150.0,0.005436841666661335
edgecore,150.0,0.02149044166664338
edgegw,150.0,0.011543508333321628
netcloudedge2,150.0,0.0
netcloudedge1,150.0,0.0
netcloudcore,150.0,0.0
netcloudgw,150.0,0.0
edgegw,150.0,0.0
netcloudgw,150.0,0.0
inter2,150.0,0.011543508333321628
inter1,150.0,0.011543508333321628
internetgw,150.0,0.011543508333321628
edge2gw,150.0,0.0
internetedge,150.0,0.011543508333321628
internetcore,150.0,0.011543508333321628
internetgw,150.0,0.0
edge2edge1,155.0,0.0
edge2core,155.0,0.0
edge2gw,155.0,0.0
edgeedge3,155.0,0.02889661111108255
edgeedge2,155.0,0.005398674999993941
edgeedge1,155.0,0.006049416666659979
edgecore,155.0,0.0211053194444214
edgegw,155.0,0.011537783333322504
netcloudedge2,155.0,0.0
netcloudedge1,155.0,0.0
netcloudcore,155.0,0.0
netcloudgw,155.0,0.0
edgegw,155.0,0.0
netcloudgw,155.0,0.0
inter2,155.0,0.011537783333322504
inter1,155.0,0.011537783333322504
internetgw,155.0,0.011537783333322504
edge2gw,155.0,0.0
internetedge,155.0,0.011537783333322504
internetcore,155.0,0.011537783333322504
internetgw,155.0,0.0
edge2edge1,160.0,0.0
edge2core,160.0,0.0
edge2gw,160.0,0.0
edgeedge3,160.0,0.03183276944441338
edgeedge2,160.0,0.0052040249999923405
edgeedge1,160.0,0.00729746666666134
edgecore,160.0,0.023562213888865702
edgegw,160.0,0.013129333333322613
netcloudedge2,160.0,0.0
netcloudedge1,160.0,0.0
netcloudcore,160.0,0.0
netcloudgw,160.0,0.0
edgegw,160.0,0.0
netcloudgw,160.0,0.0
inter2,160.0,0.013129333333322613
inter1,160.0,0.013129333333322613
internetgw,160.0,0.013129333333322613
edge2gw,160.0,0.0
internetedge,160.0,0.013129333333322613
internetcore,160.0,0.013129333333322613
internetgw,160.0,0.0
edge2edge1,165.0,0.0
edge2core,165.0,0.0
edge2gw,165.0,0.0
edgeedge3,165.0,0.035182722222187324
edgeedge2,165.0,0.006022699999989112
edgeedge1,165.0,0.0065284083333311815
edgecore,165.0,0.024676663888862138
edgegw,165.0,0.013934649999990945
netcloudedge2,165.0,0.0
netcloudedge1,165.0,0.0
netcloudcore,165.0,0.0
netcloudgw,165.0,0.0
edgegw,165.0,0.0
netcloudgw,165.0,0.0
inter2,165.0,0.013934649999990945
inter1,165.0,0.013934649999990945
internetgw,165.0,0.013934649999990945
edge2gw,165.0,0.0
internetedge,165.0,0.013934649999990945
internetcore,165.0,0.013934649999990945
internetgw,165.0,0.0
edge2edge1,170.0,0.0
edge2core,170.0,0.0
edge2gw,170.0,0.0
edgeedge3,170.0,0.02169395555553466
edgeedge2,170.0,0.005564699999995121
edgeedge1,170.0,0.0024254916666621162
edgecore,170.0,0.015590044444429463
edgegw,170.0,0.0077879083333285415
netcloudedge2,170.0,0.0
netcloudedge1,170.0,0.0
netcloudcore,170.0,0.0
netcloudgw,170.0,0.0
edgegw,170.0,0.0
netcloudgw,170.0,0.0
inter2,170.0,0.0077879083333285415
inter1,170.0,0.0077879083333285415
internetgw,170.0,0.0077879083333285415
edge2gw,170.0,0.0
internetedge,170.0,0.0077879083333285415
internetcore,170.0,0.0077879083333285415
internetgw,170.0,0.0
edge2edge1,175.0,0.0
edge2core,175.0,0.0
edge2gw,175.0,0.0
edgeedge3,175.0,0.0314224166666357
edgeedge2,175.0,0.005455924999992562
edgeedge1,175.0,0.008507349999989838
edgecore,175.0,0.024333422222197143
edgegw,175.0,0.013617866666656375
netcloudedge2,175.0,0.0
netcloudedge1,175.0,0.0
netcloudcore,175.0,0.0
netcloudgw,175.0,0.0
edgegw,175.0,0.0
netcloudgw,175.0,0.0
inter2,175.0,0.013617866666656375
inter1,175.0,0.013617866666656375
internetgw,175.0,0.013617866666656375
edge2gw,175.0,0.0
internetedge,175.0,0.013617866666656375
internetcore,175.0,0.013617866666656375
internetgw,175.0,0.0
edge2edge1,180.0,0.0
edge2core,180.0,0.0
edge2gw,180.0,0.0
edgeedge3,180.0,0.03139340277774738
edgeedge2,180.0,0.005419666666662937
edgeedge1,180.0,0.006270783333326979
edgecore,180.0,0.02330679166664429
edgegw,180.0,0.013963274999987008
netcloudedge2,180.0,0.0
netcloudedge1,180.0,0.0
netcloudcore,180.0,0.0
netcloudgw,180.0,0.0
edgegw,180.0,0.0
netcloudgw,180.0,0.0
inter2,180.0,0.013963274999987008
inter1,180.0,0.013963274999987008
internetgw,180.0,0.013963274999987008
edge2gw,180.0,0.0
internetedge,180.0,0.013963274999987008
internetcore,180.0,0.013963274999987008
internetgw,180.0,0.0
edge2edge1,185.0,0.0
edge2core,185.0,0.0
edge2gw,185.0,0.0
edgeedge3,185.0,0.028674999999971362
edgeedge2,185.0,0.004850983333328063
edgeedge1,185.0,0.005475008333327119
edgecore,185.0,0.01993671944442421
edgegw,185.0,0.010927116666657855
netcloudedge2,185.0,0.0
netcloudedge1,185.0,0.0
netcloudcore,185.0,0.0
netcloudgw,185.0,0.0
edgegw,185.0,0.0
netcloudgw,185.0,0.0
inter2,185.0,0.010927116666657855
inter1,185.0,0.010927116666657855
internetgw,185.0,0.010927116666657855
edge2gw,185.0,0.0
internetedge,185.0,0.010927116666657855
internetcore,185.0,0.010927116666657855
internetgw,185.0,0.0
edge2edge1,190.0,0.0
edge2core,190.0,0.0
edge2gw,190.0,0.0
edgeedge3,190.0,0.026567499999973432
edgeedge2,190.0,0.0031811916666623086
edgeedge1,190.0,0.006179183333327204
edgecore,190.0,0.018333888888870553
edgegw,190.0,0.009913791666659066
netcloudedge2,190.0,0.0
netcloudedge1,190.0,0.0
netcloudcore,190.0,0.0
netcloudgw,190.0,0.0
edgegw,190.0,0.0
netcloudgw,190.0,0.0
inter2,190.0,0.009913791666659066
inter1,190.0,0.009913791666659066
internetgw,190.0,0.009913791666659066
edge2gw,190.0,0.0
internetedge,190.0,0.009913791666659066
internetcore,190.0,0.009913791666659066
internetgw,190.0,0.0
edge2edge1,195.0,0.0
edge2core,195.0,0.0
edge2gw,195.0,0.0
edgeedge3,195.0,0.024649388888864587
edgeedge2,195.0,0.0038929999999964826
edgeedge1,195.0,0.005345241666657147
edgecore,195.0,0.016717433333312215
edgegw,195.0,0.009058858333324538
netcloudedge2,195.0,0.0
netcloudedge1,195.0,0.0
netcloudcore,195.0,0.0
netcloudgw,195.0,0.0
edgegw,195.0,0.0
netcloudgw,195.0,0.0
inter2,195.0,0.009058858333324538
inter1,195.0,0.009058858333324538
internetgw,195.0,0.009058858333324538
edge2gw,195.0,0.0
internetedge,195.0,0.009058858333324538
internetcore,195.0,0.009058858333324538
internetgw,195.0,0.0
edge2edge1,200.0,0.0
edge2core,200.0,0.0
edge2gw,200.0,0.0
edgeedge3,200.0,0.021614166666645174
edgeedge2,200.0,0.002671666666664352
edgeedge1,200.0,0.005343333333328704
edgecore,200.0,0.01528611111109579
edgegw,200.0,0.00858749999999131
netcloudedge2,200.0,0.0
netcloudedge1,200.0,0.0
netcloudcore,200.0,0.0
netcloudgw,200.0,0.0
edgegw,200.0,0.0
netcloudgw,200.0,0.0
inter2,200.0,0.00858749999999131
inter1,200.0,0.00858749999999131
internetgw,200.0,0.00858749999999131
edge2gw,200.0,0.0
internetedge,200.0,0.00858749999999131
internetcore,200.0,0.00858749999999131
internetgw,200.0,0.0
edge2edge1,205.0,0.0
edge2core,205.0,0.0
edge2gw,205.0,0.0
edgeedge3,205.0,0.03201261111107967
edgeedge2,205.0,0.00816384999999309
edgeedge1,205.0,0.0053566916666586695
edgecore,205.0,0.024140438888863858
edgegw,205.0,0.012688508333322635
netcloudedge2,205.0,0.0
netcloudedge1,205.0,0.0
netcloudcore,205.0,0.0
netcloudgw,205.0,0.0
edgegw,205.0,0.0
netcloudgw,205.0,0.0
inter2,205.0,0.012688508333322635
inter1,205.0,0.012688508333322635
internetgw,205.0,0.012688508333322635
edge2gw,205.0,0.0
internetedge,205.0,0.012688508333322635
internetcore,205.0,0.012688508333322635
internetgw,205.0,0.0
edge2edge1,210.0,0.0
edge2core,210.0,0.0
edge2gw,210.0,0.0
edgeedge3,210.0,0.03732091666662973
edgeedge2,210.0,0.011234358333324868
edgeedge1,210.0,0.006188724999992512
edgecore,210.0,0.028068116666638
edgegw,210.0,0.013510999999988282
netcloudedge2,210.0,0.0
netcloudedge1,210.0,0.0
netcloudcore,210.0,0.0
netcloudgw,210.0,0.0
edgegw,210.0,0.0
netcloudgw,210.0,0.0
inter2,210.0,0.013510999999988282
inter1,210.0,0.013510999999988282
internetgw,210.0,0.013510999999988282
edge2gw,210.0,0.0
internetedge,210.0,0.013510999999988282
internetcore,210.0,0.013510999999988282
internetgw,210.0,0.0
edge2edge1,215.0,0.0
edge2core,215.0,0.0
edge2gw,215.0,0.0
edgeedge3,215.0,0.035582444444409056
edgeedge2,215.0,0.007228766666659059
edgeedge1,215.0,0.006854733333325369
edgecore,215.0,0.026008697222193233
edgegw,215.0,0.013993808333318591
netcloudedge2,215.0,0.0
netcloudedge1,215.0,0.0
netcloudcore,215.0,0.0
netcloudgw,215.0,0.0
edgegw,215.0,0.0
netcloudgw,215.0,0.0
inter2,215.0,0.013993808333318591
inter1,215.0,0.013993808333318591
internetgw,215.0,0.013993808333318591
edge2gw,215.0,0.0
internetedge,215.0,0.013993808333318591
internetcore,215.0,0.013993808333318591
internetgw,215.0,0.0
edge2edge1,220.0,0.0
edge2core,220.0,0.0
edge2gw,220.0,0.0
edgeedge3,220.0,0.03280719999996817
edgeedge2,220.0,0.004847166666662267
edgeedge1,220.0,0.005681108333325191
edgecore,220.0,0.02267334166664403
edgegw,220.0,0.013724733333322248
netcloudedge2,220.0,0.0
netcloudedge1,220.0,0.0
netcloudcore,220.0,0.0
netcloudgw,220.0,0.0
edgegw,220.0,0.0
netcloudgw,220.0,0.0
inter2,220.0,0.013724733333322248
inter1,220.0,0.013724733333322248
internetgw,220.0,0.013724733333322248
edge2gw,220.0,0.0
internetedge,220.0,0.013724733333322248
internetcore,220.0,0.013724733333322248
internetgw,220.0,0.0
edge2edge1,225.0,0.0
edge2core,225.0,0.0
edge2gw,225.0,0.0
edgeedge3,225.0,0.03402944444441047
edgeedge2,225.0,0.0053433333333279265
edgeedge1,225.0,0.005757441666660867
edgecore,225.0,0.023715219444420566
edgegw,225.0,0.013930833333319237
netcloudedge2,225.0,0.0
netcloudedge1,225.0,0.0
netcloudcore,225.0,0.0
netcloudgw,225.0,0.0
edgegw,225.0,0.0
netcloudgw,225.0,0.0
inter2,225.0,0.013930833333319237
inter1,225.0,0.013930833333319237
internetgw,225.0,0.013930833333319237
edge2gw,225.0,0.0
internetedge,225.0,0.013930833333319237
internetcore,225.0,0.013930833333319237
internetgw,225.0,0.0
edge2edge1,230.0,0.0
edge2core,230.0,0.0
edge2gw,230.0,0.0
edgeedge3,230.0,0.033299952777745556
edgeedge2,230.0,0.006123841666657803
edgeedge1,230.0,0.006068499999992094
edgecore,230.0,0.023616686111085583
edgegw,230.0,0.013304899999989073
netcloudedge2,230.0,0.0
netcloudedge1,230.0,0.0
netcloudcore,230.0,0.0
netcloudgw,230.0,0.0
edgegw,230.0,0.0
netcloudgw,230.0,0.0
inter2,230.0,0.013304899999989073
inter1,230.0,0.013304899999989073
internetgw,230.0,0.013304899999989073
edge2gw,230.0,0.0
internetedge,230.0,0.013304899999989073
internetcore,230.0,0.013304899999989073
internetgw,230.0,0.0
edge2edge1,235.0,0.0
edge2core,235.0,0.0
edge2gw,235.0,0.0
edgeedge3,235.0,0.03055939444441358
edgeedge2,235.0,0.006478791666660322
edgeedge1,235.0,0.005707824999993727
edgecore,235.0,0.021750505555533484
edgegw,235.0,0.011068333333322133
netcloudedge2,235.0,0.0
netcloudedge1,235.0,0.0
netcloudcore,235.0,0.0
netcloudgw,235.0,0.0
edgegw,235.0,0.0
netcloudgw,235.0,0.0
inter2,235.0,0.011068333333322133
inter1,235.0,0.011068333333322133
internetgw,235.0,0.011068333333322133
edge2gw,235.0,0.0
internetedge,235.0,0.011068333333322133
internetcore,235.0,0.011068333333322133
internetgw,235.0,0.0
edge2edge1,240.0,0.0
edge2core,240.0,0.0
edge2gw,240.0,0.0
edgeedge3,240.0,0.03098999999996921
edgeedge2,240.0,0.004961666666661646
edgeedge1,240.0,0.006679166666659908
edgecore,240.0,0.022235222222199758
edgegw,240.0,0.012098833333320957
netcloudedge2,240.0,0.0
netcloudedge1,240.0,0.0
netcloudcore,240.0,0.0
netcloudgw,240.0,0.0
edgegw,240.0,0.0
netcloudgw,240.0,0.0
inter2,240.0,0.012098833333320957
inter1,240.0,0.012098833333320957
internetgw,240.0,0.012098833333320957
edge2gw,240.0,0.0
internetedge,240.0,0.012098833333320957
internetcore,240.0,0.012098833333320957
internetgw,240.0,0.0
edge2edge1,245.0,0.0
edge2core,245.0,0.0
edge2gw,245.0,0.0
edgeedge3,245.0,0.03473934444440996
edgeedge2,245.0,0.006137199999991683
edgeedge1,245.0,0.006078041666659539
edgecore,245.0,0.024671294444417402
edgegw,245.0,0.013772441666653812
netcloudedge2,245.0,0.0
netcloudedge1,245.0,0.0
netcloudcore,245.0,0.0
netcloudgw,245.0,0.0
edgegw,245.0,0.0
netcloudgw,245.0,0.0
inter2,245.0,0.013772441666653812
inter1,245.0,0.013772441666653812
internetgw,245.0,0.013772441666653812
edge2gw,245.0,0.0
internetedge,245.0,0.013772441666653812
internetcore,245.0,0.013772441666653812
internetgw,245.0,0.0
edge2edge1,250.0,0.0
edge2core,250.0,0.0
edge2gw,250.0,0.0
edgeedge3,250.0,0.028624005555527576
edgeedge2,250.0,0.0042689416666620295
edgeedge1,250.0,0.006045599999993434
edgecore,250.0,0.02037860277775705
edgegw,250.0,0.011064516666656421
netcloudedge2,250.0,0.0
netcloudedge1,250.0,0.0
netcloudcore,250.0,0.0
netcloudgw,250.0,0.0
edgegw,250.0,0.0
netcloudgw,250.0,0.0
inter2,250.0,0.011064516666656421
inter1,250.0,0.011064516666656421
internetgw,250.0,0.011064516666656421
edge2gw,250.0,0.0
internetedge,250.0,0.011064516666656421
internetcore,250.0,0.011064516666656421
internetgw,250.0,0.0
edge2edge1,255.0,0.0
edge2core,255.0,0.0
edge2gw,255.0,0.0
edgeedge3,255.0,0.029056666666637643
edgeedge2,255.0,0.0038166666666628046
edgeedge1,255.0,0.006955874999993172
edgecore,255.0,0.02100277777775661
edgegw,255.0,0.01098245833332201
netcloudedge2,255.0,0.0
netcloudedge1,255.0,0.0
netcloudcore,255.0,0.0
netcloudgw,255.0,0.0
edgegw,255.0,0.0
netcloudgw,255.0,0.0
inter2,255.0,0.01098245833332201
inter1,255.0,0.01098245833332201
internetgw,255.0,0.01098245833332201
edge2gw,255.0,0.0
internetedge,255.0,0.01098245833332201
internetcore,255.0,0.01098245833332201
internetgw,255.0,0.0
edge2edge1,260.0,0.0
edge2core,260.0,0.0
edge2gw,260.0,0.0
edgeedge3,260.0,0.03062222222219213
edgeedge2,260.0,0.008472999999991848
edgeedge1,260.0,0.006198266666658125
edgecore,260.0,0.02311861111108815
edgegw,260.0,0.010327899999991397
netcloudedge2,260.0,0.0
netcloudedge1,260.0,0.0
netcloudcore,260.0,0.0
netcloudgw,260.0,0.0
edgegw,260.0,0.0
netcloudgw,260.0,0.0
inter2,260.0,0.010327899999991397
inter1,260.0,0.010327899999991397
internetgw,260.0,0.010327899999991397
edge2gw,260.0,0.0
internetedge,260.0,0.010327899999991397
internetcore,260.0,0.010327899999991397
internetgw,260.0,0.0
edge2edge1,265.0,0.0
edge2core,265.0,0.0
edge2gw,265.0,0.0
edgeedge3,265.0,0.03384122222218844
edgeedge2,265.0,0.006343299999993057
edgeedge1,265.0,0.005225016666660587
edgecore,265.0,0.023834766666642526
edgegw,265.0,0.013795341666654082
netcloudedge2,265.0,0.0
netcloudedge1,265.0,0.0
netcloudcore,265.0,0.0
netcloudgw,265.0,0.0
edgegw,265.0,0.0
netcloudgw,265.0,0.0
inter2,265.0,0.013795341666654082
inter1,265.0,0.013795341666654082
internetgw,265.0,0.013795341666654082
edge2gw,265.0,0.0
internetedge,265.0,0.013795341666654082
internetcore,265.0,0.013795341666654082
internetgw,265.0,0.0
edge2edge1,270.0,0.0
edge2core,270.0,0.0
edge2gw,270.0,0.0
edgeedge3,270.0,0.03134741111108008
edgeedge2,270.0,0.00680129999999185
edgeedge1,270.0,0.005898658333327311
edgecore,270.0,0.024491572222197666
edgegw,270.0,0.013860224999987292
netcloudedge2,270.0,0.0
netcloudedge1,270.0,0.0
netcloudcore,270.0,0.0
netcloudgw,270.0,0.0
edgegw,270.0,0.0
netcloudgw,270.0,0.0
inter2,270.0,0.013860224999987292
inter1,270.0,0.013860224999987292
internetgw,270.0,0.013860224999987292
edge2gw,270.0,0.0
internetedge,270.0,0.013860224999987292
internetcore,270.0,0.013860224999987292
internetgw,270.0,0.0
edge2edge1,275.0,0.0
edge2core,275.0,0.0
edge2gw,275.0,0.0
edgeedge3,275.0,0.031789027777746615
edgeedge2,275.0,0.007062741666660266
edgeedge1,275.0,0.006291774999993005
edgecore,275.0,0.025058347222197686
edgegw,275.0,0.013772441666653368
netcloudedge2,275.0,0.0
netcloudedge1,275.0,0.0
netcloudcore,275.0,0.0
netcloudgw,275.0,0.0
edgegw,275.0,0.0
netcloudgw,275.0,0.0
inter2,275.0,0.013772441666653368
inter1,275.0,0.013772441666653368
internetgw,275.0,0.013772441666653368
edge2gw,275.0,0.0
internetedge,275.0,0.013772441666653368
internetcore,275.0,0.013772441666653368
internetgw,275.0,0.0
edge2edge1,280.0,0.0
edge2core,280.0,0.0
edge2gw,280.0,0.0
edgeedge3,280.0,0.03217902777774628
edgeedge2,280.0,0.007018849999992527
edgeedge1,280.0,0.006654358333326338
edgecore,280.0,0.025348052777753205
edgegw,280.0,0.013719008333320404
netcloudedge2,280.0,0.0
netcloudedge1,280.0,0.0
netcloudcore,280.0,0.0
netcloudgw,280.0,0.0
edgegw,280.0,0.0
netcloudgw,280.0,0.0
inter2,280.0,0.013719008333320404
inter1,280.0,0.013719008333320404
internetgw,280.0,0.013719008333320404
edge2gw,280.0,0.0
internetedge,280.0,0.013719008333320404
internetcore,280.0,0.013719008333320404
internetgw,280.0,0.0
edge2edge1,285.0,0.0
edge2core,285.0,0.0
edge2gw,285.0,0.0
edgeedge3,285.0,0.026791666666640124
edgeedge2,285.0,0.004770833333328506
edgeedge1,285.0,0.005534166666661067
edgecore,285.0,0.019680833333313608
edgegw,285.0,0.011068333333322133
netcloudedge2,285.0,0.0
netcloudedge1,285.0,0.0
netcloudcore,285.0,0.0
netcloudgw,285.0,0.0
edgegw,285.0,0.0
netcloudgw,285.0,0.0
inter2,285.0,0.011068333333322133
inter1,285.0,0.011068333333322133
internetgw,285.0,0.011068333333322133
edge2gw,285.0,0.0
internetedge,285.0,0.011068333333322133
internetcore,285.0,0.011068333333322133
internetgw,285.0,0.0
edge2edge1,290.0,0.0
edge2core,290.0,0.0
edge2gw,290.0,0.0
edgeedge3,290.0,0.035389805555520404
edgeedge2,290.0,0.00752264999998975
edgeedge1,290.0,0.006501691666660037
edgecore,290.0,0.02509766666664137
edgegw,290.0,0.013865949999988136
netcloudedge2,290.0,0.0
netcloudedge1,290.0,0.0
netcloudcore,290.0,0.0
netcloudgw,290.0,0.0
edgegw,290.0,0.0
netcloudgw,290.0,0.0
inter2,290.0,0.013865949999988136
inter1,290.0,0.013865949999988136
internetgw,290.0,0.013865949999988136
edge2gw,290.0,0.0
internetedge,290.0,0.013865949999988136
internetcore,290.0,0.013865949999988136
internetgw,290.0,0.0
edge2edge1,295.0,0.0
edge2core,295.0,0.0
edge2gw,295.0,0.0
edgeedge3,295.0,0.029667583333304215
edgeedge2,295.0,0.005433024999994873
edgeedge1,295.0,0.005329974999994713
edgecore,295.0,0.021659944444423207
edgegw,295.0,0.012213333333320975
netcloudedge2,295.0,0.0
netcloudedge1,295.0,0.0
netcloudcore,295.0,0.0
netcloudgw,295.0,0.0
edgegw,295.0,0.0
netcloudgw,295.0,0.0
inter2,295.0,0.012213333333320975
inter1,295.0,0.012213333333320975
internetgw,295.0,0.012213333333320975
edge2gw,295.0,0.0
internetedge,295.0,0.012213333333320975
internetcore,295.0,0.012213333333320975
internetgw,295.0,0.0
edge2edge1,300.0,0.0
edge2core,300.0,0.0
edge2gw,300.0,0.0
edgeedge3,300.0,0.03576510833329816
edgeedge2,300.0,0.007556999999991931
edgeedge1,300.0,0.007287924999993367
edgecore,300.0,0.02549883333330838
edgegw,300.0,0.0134747416666533
netcloudedge2,300.0,0.0
netcloudedge1,300.0,0.0
netcloudcore,300.0,0.0
netcloudgw,300.0,0.0
edgegw,300.0,0.0
netcloudgw,300.0,0.0
inter2,300.0,0.0134747416666533
inter1,300.0,0.0134747416666533
internetgw,300.0,0.0134747416666533
edge2gw,300.0,0.0
internetedge,300.0,0.0134747416666533
internetcore,300.0,0.0134747416666533
internetgw,300.0,0.0
edge2edge1,305.0,0.0
edge2core,305.0,0.0
edge2gw,305.0,0.0
edgeedge3,305.0,0.03267416666663392
edgeedge2,305.0,0.0058967499999945105
edgeedge1,305.0,0.004770833333328506
edgecore,305.0,0.023268138888865808
edgegw,305.0,0.012976666666653536
netcloudedge2,305.0,0.0
netcloudedge1,305.0,0.0
netcloudcore,305.0,0.0
netcloudgw,305.0,0.0
edgegw,305.0,0.0
netcloudgw,305.0,0.0
inter2,305.0,0.012976666666653536
inter1,305.0,0.012976666666653536
internetgw,305.0,0.012976666666653536
edge2gw,305.0,0.0
internetedge,305.0,0.012976666666653536
internetcore,305.0,0.012976666666653536
internetgw,305.0,0.0
edge2edge1,310.0,0.0
edge2core,310.0,0.0
edge2gw,310.0,0.0
edgeedge3,310.0,0.02990661388886018
edgeedge2,310.0,0.005881483333328386
edgeedge1,310.0,0.005875758333326597
edgecore,310.0,0.021059727777756
edgegw,310.0,0.010551174999989588
netcloudedge2,310.0,0.0
netcloudedge1,310.0,0.0
netcloudcore,310.0,0.0
netcloudgw,310.0,0.0
edgegw,310.0,0.0
netcloudgw,310.0,0.0
inter2,310.0,0.010551174999989588
inter1,310.0,0.010551174999989588
internetgw,310.0,0.010551174999989588
edge2gw,310.0,0.0
internetedge,310.0,0.010551174999989588
internetcore,310.0,0.010551174999989588
internetgw,310.0,0.0
edge2edge1,315.0,0.0
edge2core,315.0,0.0
edge2gw,315.0,0.0
edgeedge3,315.0,0.02908683333330453
edgeedge2,315.0,0.004566641666662152
edgeedge1,315.0,0.005929191666660616
edgecore,315.0,0.02120749999997873
edgegw,315.0,0.012404166666654115
netcloudedge2,315.0,0.0
netcloudedge1,315.0,0.0
netcloudcore,315.0,0.0
netcloudgw,315.0,0.0
edgegw,315.0,0.0
netcloudgw,315.0,0.0
inter2,315.0,0.012404166666654115
inter1,315.0,0.012404166666654115
internetgw,315.0,0.012404166666654115
edge2gw,315.0,0.0
internetedge,315.0,0.012404166666654115
internetcore,315.0,0.012404166666654115
internetgw,315.0,0.0
edge2edge1,320.0,0.0
edge2core,320.0,0.0
edge2gw,320.0,0.0
edgeedge3,320.0,0.025514669444420823
edgeedge2,320.0,0.00679366666665937
edgeedge1,320.0,0.005158224999995575
edgecore,320.0,0.01816474722220396
edgegw,320.0,0.007717299999991822
netcloudedge2,320.0,0.0
netcloudedge1,320.0,0.0
netcloudcore,320.0,0.0
netcloudgw,320.0,0.0
edgegw,320.0,0.0
netcloudgw,320.0,0.0
inter2,320.0,0.007717299999991822
inter1,320.0,0.007717299999991822
internetgw,320.0,0.007717299999991822
edge2gw,320.0,0.0
internetedge,320.0,0.007717299999991822
internetcore,320.0,0.007717299999991822
internetgw,320.0,0.0
edge2edge1,325.0,0.0
edge2core,325.0,0.0
edge2gw,325.0,0.0
edgeedge3,325.0,0.033497522222190046
edgeedge2,325.0,0.006236433333321689
edgeedge1,325.0,0.006047508333323626
edgecore,325.0,0.025235291666639403
edgegw,325.0,0.014079683333326432
netcloudedge2,325.0,0.0
netcloudedge1,325.0,0.0
netcloudcore,325.0,0.0
netcloudgw,325.0,0.0
edgegw,325.0,0.0
netcloudgw,325.0,0.0
inter2,325.0,0.014079683333326432
inter1,325.0,0.014079683333326432
internetgw,325.0,0.014079683333326432
edge2gw,325.0,0.0
internetedge,325.0,0.014079683333326432
internetcore,325.0,0.014079683333326432
internetgw,325.0,0.0
edge2edge1,330.0,0.0
edge2core,330.0,0.0
edge2gw,330.0,0.0
edgeedge3,330.0,0.03163194444441353
edgeedge2,330.0,0.007053199999992599
edgeedge1,330.0,0.004642974999992555
edgecore,330.0,0.024072077777753886
edgegw,330.0,0.013692291666656087
netcloudedge2,330.0,0.0
netcloudedge1,330.0,0.0
netcloudcore,330.0,0.0
netcloudgw,330.0,0.0
edgegw,330.0,0.0
netcloudgw,330.0,0.0
inter2,330.0,0.013692291666656087
inter1,330.0,0.013692291666656087
internetgw,330.0,0.013692291666656087
edge2gw,330.0,0.0
internetedge,330.0,0.013692291666656087
internetcore,330.0,0.013692291666656087
internetgw,330.0,0.0
edge2edge1,335.0,0.0
edge2core,335.0,0.0
edge2gw,335.0,0.0
edgeedge3,335.0,0.031175383333319262
edgeedge2,335.0,0.006337574999992324
edgeedge1,335.0,0.005719274999993529
edgecore,335.0,0.022347763888864947
edgegw,335.0,0.012308749999987656
netcloudedge2,335.0,0.0
netcloudedge1,335.0,0.0
netcloudcore,335.0,0.0
netcloudgw,335.0,0.0
edgegw,335.0,0.0
netcloudgw,335.0,0.0
inter2,335.0,0.012308749999987656
inter1,335.0,0.012308749999987656
internetgw,335.0,0.012308749999987656
edge2gw,335.0,0.0
internetedge,335.0,0.012308749999987656
internetcore,335.0,0.012308749999987656
internetgw,335.0,0.0
edge2edge1,340.0,0.0
edge2core,340.0,0.0
edge2gw,340.0,0.0
edgeedge3,340.0,0.03296222222221745
edgeedge2,340.0,0.00622116666665995
edgeedge1,340.0,0.007350899999989446
edgecore,340.0,0.025637611111084535
edgegw,340.0,0.013946099999988637
netcloudedge2,340.0,0.0
netcloudedge1,340.0,0.0
netcloudcore,340.0,0.0
netcloudgw,340.0,0.0
edgegw,340.0,0.0
netcloudgw,340.0,0.0
inter2,340.0,0.013946099999988637
inter1,340.0,0.013946099999988637
internetgw,340.0,0.013946099999988637
edge2gw,340.0,0.0
internetedge,340.0,0.013946099999988637
internetcore,340.0,0.013946099999988637
internetgw,340.0,0.0
edge2edge1,345.0,0.0
edge2core,345.0,0.0
edge2gw,345.0,0.0
edgeedge3,345.0,0.03198861111110718
edgeedge2,345.0,0.0054463833333280864
edgeedge1,345.0,0.006835649999990812
edgecore,345.0,0.02428078611108675
edgegw,345.0,0.013879308333321294
netcloudedge2,345.0,0.0
netcloudedge1,345.0,0.0
netcloudcore,345.0,0.0
netcloudgw,345.0,0.0
edgegw,345.0,0.0
netcloudgw,345.0,0.0
inter2,345.0,0.013879308333321294
inter1,345.0,0.013879308333321294
internetgw,345.0,0.013879308333321294
edge2gw,345.0,0.0
internetedge,345.0,0.013879308333321294
internetcore,345.0,0.013879308333321294
internetgw,345.0,0.0
edge2edge1,350.0,0.0
edge2core,350.0,0.0
edge2gw,350.0,0.0
edgeedge3,350.0,0.032357236111109966
edgeedge2,350.0,0.005724999999995317
edgeedge1,350.0,0.0059921666666599704
edgecore,350.0,0.02325752777775536
edgegw,350.0,0.012490041666654239
netcloudedge2,350.0,0.0
netcloudedge1,350.0,0.0
netcloudcore,350.0,0.0
netcloudgw,350.0,0.0
edgegw,350.0,0.0
netcloudgw,350.0,0.0
inter2,350.0,0.012490041666654239
inter1,350.0,0.012490041666654239
internetgw,350.0,0.012490041666654239
edge2gw,350.0,0.0
internetedge,350.0,0.012490041666654239
internetcore,350.0,0.012490041666654239
internetgw,350.0,0.0
edge2edge1,355.0,0.0
edge2core,355.0,0.0
edge2gw,355.0,0.0
edgeedge3,355.0,0.030854777777774345
edgeedge2,355.0,0.006373833333327306
edgeedge1,355.0,0.00631658333332652
edgecore,355.0,0.022982249999976778
edgegw,355.0,0.011984333333321051
netcloudedge2,355.0,0.0
netcloudedge1,355.0,0.0
netcloudcore,355.0,0.0
netcloudgw,355.0,0.0
edgegw,355.0,0.0
netcloudgw,355.0,0.0
inter2,355.0,0.011984333333321051
inter1,355.0,0.011984333333321051
internetgw,355.0,0.011984333333321051
edge2gw,355.0,0.0
internetedge,355.0,0.011984333333321051
internetcore,355.0,0.011984333333321051
internetgw,355.0,0.0
edge2edge1,360.0,0.0
edge2core,360.0,0.0
edge2gw,360.0,0.0
edgeedge3,360.0,0.030143105555548555
edgeedge2,360.0,0.0060475083333279
edgeedge1,360.0,0.005620041666660136
edgecore,360.0,0.023145327777754687
edgegw,360.0,0.013358333333319816
netcloudedge2,360.0,0.0
netcloudedge1,360.0,0.0
netcloudcore,360.0,0.0
netcloudgw,360.0,0.0
edgegw,360.0,0.0
netcloudgw,360.0,0.0
inter2,360.0,0.013358333333319816
inter1,360.0,0.013358333333319816
internetgw,360.0,0.013358333333319816
edge2gw,360.0,0.0
internetedge,360.0,0.013358333333319816
internetcore,360.0,0.013358333333319816
internetgw,360.0,0.0
edge2edge1,365.0,0.0
edge2core,365.0,0.0
edge2gw,365.0,0.0
edgeedge3,365.0,0.018531311111109616
edgeedge2,365.0,0.004475041666661295
edgeedge1,365.0,0.0022995416666652946
edgecore,365.0,0.013290305555541782
edgegw,365.0,0.00707800833332628
netcloudedge2,365.0,0.0
netcloudedge1,365.0,0.0
netcloudcore,365.0,0.0
netcloudgw,365.0,0.0
edgegw,365.0,0.0
netcloudgw,365.0,0.0
inter2,365.0,0.00707800833332628
inter1,365.0,0.00707800833332628
internetgw,365.0,0.00707800833332628
edge2gw,365.0,0.0
internetedge,365.0,0.00707800833332628
internetcore,365.0,0.00707800833332628
internetgw,365.0,0.0
edge2edge1,370.0,0.0
edge2core,370.0,0.0
edge2gw,370.0,0.0
edgeedge3,370.0,0.03465822222221826
edgeedge2,370.0,0.0067993916666579945
edgeedge1,370.0,0.008957716666658289
edgecore,370.0,0.02617544444441844
edgegw,370.0,0.01253584166665589
netcloudedge2,370.0,0.0
netcloudedge1,370.0,0.0
netcloudcore,370.0,0.0
netcloudgw,370.0,0.0
edgegw,370.0,0.0
netcloudgw,370.0,0.0
inter2,370.0,0.01253584166665589
inter1,370.0,0.01253584166665589
internetgw,370.0,0.01253584166665589
edge2gw,370.0,0.0
internetedge,370.0,0.01253584166665589
internetcore,370.0,0.01253584166665589
internetgw,370.0,0.0
edge2edge1,375.0,0.0
edge2core,375.0,0.0
edge2gw,375.0,0.0
edgeedge3,375.0,0.03261732222221969
edgeedge2,375.0,0.005969266666661366
edgeedge1,375.0,0.006297499999993628
edgecore,375.0,0.02469315555553142
edgegw,375.0,0.013930833333319237
netcloudedge2,375.0,0.0
netcloudedge1,375.0,0.0
netcloudcore,375.0,0.0
netcloudgw,375.0,0.0
edgegw,375.0,0.0
netcloudgw,375.0,0.0
inter2,375.0,0.013930833333319237
inter1,375.0,0.013930833333319237
internetgw,375.0,0.013930833333319237
edge2gw,375.0,0.0
internetedge,375.0,0.013930833333319237
internetcore,375.0,0.013930833333319237
internetgw,375.0,0.0
edge2edge1,380.0,0.0
edge2core,380.0,0.0
edge2gw,380.0,0.0
edgeedge3,380.0,0.034987111111109304
edgeedge2,380.0,0.006623824999995309
edgeedge1,380.0,0.005188758333327714
edgecore,380.0,0.02428518055553308
edgegw,380.0,0.013875491666653472
netcloudedge2,380.0,0.0
netcloudedge1,380.0,0.0
netcloudcore,380.0,0.0
netcloudgw,380.0,0.0
edgegw,380.0,0.0
netcloudgw,380.0,0.0
inter2,380.0,0.013875491666653472
inter1,380.0,0.013875491666653472
internetgw,380.0,0.013875491666653472
edge2gw,380.0,0.0
internetedge,380.0,0.013875491666653472
internetcore,380.0,0.013875491666653472
internetgw,380.0,0.0
edge2edge1,385.0,0.0
edge2core,385.0,0.0
edge2gw,385.0,0.0
edgeedge3,385.0,0.033636594444442114
edgeedge2,385.0,0.006106666666661598
edgeedge1,385.0,0.007228766666658615
edgecore,385.0,0.025260969444421466
edgegw,385.0,0.013241924999988552
netcloudedge2,385.0,0.0
netcloudedge1,385.0,0.0
netcloudcore,385.0,0.0
netcloudgw,385.0,0.0
edgegw,385.0,0.0
netcloudgw,385.0,0.0
inter2,385.0,0.013241924999988552
inter1,385.0,0.013241924999988552
internetgw,385.0,0.013241924999988552
edge2gw,385.0,0.0
internetedge,385.0,0.013241924999988552
internetcore,385.0,0.013241924999988552
internetgw,385.0,0.0
edge2edge1,390.0,0.0
edge2core,390.0,0.0
edge2gw,390.0,0.0
edgeedge3,390.0,0.030796388888887805
edgeedge2,390.0,0.005028458333327823
edgeedge1,390.0,0.005747899999993922
edgecore,390.0,0.02186691388886608
edgegw,390.0,0.012594999999987255
netcloudedge2,390.0,0.0
netcloudedge1,390.0,0.0
netcloudcore,390.0,0.0
netcloudgw,390.0,0.0
edgegw,390.0,0.0
netcloudgw,390.0,0.0
inter2,390.0,0.012594999999987255
inter1,390.0,0.012594999999987255
internetgw,390.0,0.012594999999987255
edge2gw,390.0,0.0
internetedge,390.0,0.012594999999987255
internetcore,390.0,0.012594999999987255
internetgw,390.0,0.0
edge2edge1,395.0,0.0
edge2core,395.0,0.0
edge2gw,395.0,0.0
edgeedge3,395.0,0.029258611111110167
edgeedge2,395.0,0.0065379499999918544
edgeedge1,395.0,0.005654391666661263
edgecore,395.0,0.020103805555536258
edgegw,395.0,0.011108408333324049
netcloudedge2,395.0,0.0
netcloudedge1,395.0,0.0
netcloudcore,395.0,0.0
netcloudgw,395.0,0.0
edgegw,395.0,0.0
netcloudgw,395.0,0.0
inter2,395.0,0.011108408333324049
inter1,395.0,0.011108408333324049
internetgw,395.0,0.011108408333324049
edge2gw,395.0,0.0
internetedge,395.0,0.011108408333324049
internetcore,395.0,0.011108408333324049
internetgw,395.0,0.0
edge2edge1,400.0,0.0
edge2core,400.0,0.0
edge2gw,400.0,0.0
edgeedge3,400.0,0.03324969999999938
edgeedge2,400.0,0.006249791666659288
edgeedge1,400.0,0.0059883499999943135
edgecore,400.0,0.024673372222197676
edgegw,400.0,0.013375508333321018
netcloudedge2,400.0,0.0
netcloudedge1,400.0,0.0
netcloudcore,400.0,0.0
netcloudgw,400.0,0.0
edgegw,400.0,0.0
netcloudgw,400.0,0.0
inter2,400.0,0.013375508333321018
inter1,400.0,0.013375508333321018
internetgw,400.0,0.013375508333321018
edge2gw,400.0,0.0
internetedge,400.0,0.013375508333321018
internetcore,400.0,0.013375508333321018
internetgw,400.0,0.0
edge2edge1,405.0,0.0
edge2core,405.0,0.0
edge2gw,405.0,0.0
edgeedge3,405.0,0.0315668888888867
edgeedge2,405.0,0.006121933333327723
edgeedge1,405.0,0.006473066666659644
edgecore,405.0,0.02405888888886465
edgegw,405.0,0.012404166666654115
netcloudedge2,405.0,0.0
netcloudedge1,405.0,0.0
netcloudcore,405.0,0.0
netcloudgw,405.0,0.0
edgegw,405.0,0.0
netcloudgw,405.0,0.0
inter2,405.0,0.012404166666654115
inter1,405.0,0.012404166666654115
internetgw,405.0,0.012404166666654115
edge2gw,405.0,0.0
internetedge,405.0,0.012404166666654115
internetcore,405.0,0.012404166666654115
internetgw,405.0,0.0
edge2edge1,410.0,0.0
edge2core,410.0,0.0
edge2gw,410.0,0.0
edgeedge3,410.0,0.03496730555555416
edgeedge2,410.0,0.0059539999999931315
edgeedge1,410.0,0.00709518333332515
edgecore,410.0,0.024813380555529507
edgegw,410.0,0.01326864166665409
netcloudedge2,410.0,0.0
netcloudedge1,410.0,0.0
netcloudcore,410.0,0.0
netcloudgw,410.0,0.0
edgegw,410.0,0.0
netcloudgw,410.0,0.0
inter2,410.0,0.01326864166665409
inter1,410.0,0.01326864166665409
internetgw,410.0,0.01326864166665409
edge2gw,410.0,0.0
internetedge,410.0,0.01326864166665409
internetcore,410.0,0.01326864166665409
internetgw,410.0,0.0
edge2edge1,415.0,0.0
edge2core,415.0,0.0
edge2gw,415.0,0.0
edgeedge3,415.0,0.03230029722222039
edgeedge2,415.0,0.00801499999999189
edgeedge1,415.0,0.004242224999995603
edgecore,415.0,0.023544058333309748
edgegw,415.0,0.01315986666665414
netcloudedge2,415.0,0.0
netcloudedge1,415.0,0.0
netcloudcore,415.0,0.0
netcloudgw,415.0,0.0
edgegw,415.0,0.0
netcloudgw,415.0,0.0
inter2,415.0,0.01315986666665414
inter1,415.0,0.01315986666665414
internetgw,415.0,0.01315986666665414
edge2gw,415.0,0.0
internetedge,415.0,0.01315986666665414
internetcore,415.0,0.01315986666665414
internetgw,415.0,0.0
edge2edge1,420.0,0.0
edge2core,420.0,0.0
edge2gw,420.0,0.0
edgeedge3,420.0,0.027326699999998816
edgeedge2,420.0,0.005249824999995323
edgeedge1,420.0,0.008261174999991905
edgecore,420.0,0.020699713888868487
edgegw,420.0,0.009257324999990213
netcloudedge2,420.0,0.0
netcloudedge1,420.0,0.0
netcloudcore,420.0,0.0
netcloudgw,420.0,0.0
edgegw,420.0,0.0
netcloudgw,420.0,0.0
inter2,420.0,0.009257324999990213
inter1,420.0,0.009257324999990213
internetgw,420.0,0.009257324999990213
edge2gw,420.0,0.0
internetedge,420.0,0.009257324999990213
internetcore,420.0,0.009257324999990213
internetgw,420.0,0.0
edge2edge1,425.0,0.0
edge2core,425.0,0.0
edge2gw,425.0,0.0
edgeedge3,425.0,0.03137699166666197
edgeedge2,425.0,0.006137199999993792
edgeedge1,425.0,0.006043691666662299
edgecore,425.0,0.024022547222199098
edgegw,425.0,0.014068233333319524
netcloudedge2,425.0,0.0
netcloudedge1,425.0,0.0
netcloudcore,425.0,0.0
netcloudgw,425.0,0.0
edgegw,425.0,0.0
netcloudgw,425.0,0.0
inter2,425.0,0.014068233333319524
inter1,425.0,0.014068233333319524
internetgw,425.0,0.014068233333319524
edge2gw,425.0,0.0
internetedge,425.0,0.014068233333319524
internetcore,425.0,0.014068233333319524
internetgw,425.0,0.0
edge2edge1,430.0,0.0
edge2core,430.0,0.0
edge2gw,430.0,0.0
edgeedge3,430.0,0.03198861111110718
edgeedge2,430.0,0.006091399999994418
edgeedge1,430.0,0.005255549999995002
edgecore,430.0,0.0238736111110871
edgegw,430.0,0.013843049999985091
netcloudedge2,430.0,0.0
netcloudedge1,430.0,0.0
netcloudcore,430.0,0.0
netcloudgw,430.0,0.0
edgegw,430.0,0.0
netcloudgw,430.0,0.0
inter2,430.0,0.013843049999985091
inter1,430.0,0.013843049999985091
internetgw,430.0,0.013843049999985091
edge2gw,430.0,0.0
internetedge,430.0,0.013843049999985091
internetcore,430.0,0.013843049999985091
internetgw,430.0,0.0
edge2edge1,435.0,0.0
edge2core,435.0,0.0
edge2gw,435.0,0.0
edgeedge3,435.0,0.0327763888888839
edgeedge2,435.0,0.006286049999993271
edgeedge1,435.0,0.007600891666659559
edgecore,435.0,0.025042888888863857
edgegw,435.0,0.014115941666651644
netcloudedge2,435.0,0.0
netcloudedge1,435.0,0.0
netcloudcore,435.0,0.0
netcloudgw,435.0,0.0
edgegw,435.0,0.0
netcloudgw,435.0,0.0
inter2,435.0,0.014115941666651644
inter1,435.0,0.014115941666651644
internetgw,435.0,0.014115941666651644
edge2gw,435.0,0.0
internetedge,435.0,0.014115941666651644
internetcore,435.0,0.014115941666651644
internetgw,435.0,0.0
edge2edge1,440.0,0.0
edge2core,440.0,0.0
edge2gw,440.0,0.0
edgeedge3,440.0,0.03313259444443961
edgeedge2,440.0,0.006686799999992443
edgeedge1,440.0,0.007637149999992432
edgecore,440.0,0.02621392777775311
edgegw,440.0,0.013770533333321566
netcloudedge2,440.0,0.0
netcloudedge1,440.0,0.0
netcloudcore,440.0,0.0
netcloudgw,440.0,0.0
edgegw,440.0,0.0
netcloudgw,440.0,0.0
inter2,440.0,0.013770533333321566
inter1,440.0,0.013770533333321566
internetgw,440.0,0.013770533333321566
edge2gw,440.0,0.0
internetedge,440.0,0.013770533333321566
internetcore,440.0,0.013770533333321566
internetgw,440.0,0.0
edge2edge1,445.0,0.0
edge2core,445.0,0.0
edge2gw,445.0,0.0
edgeedge3,445.0,0.03082344444444285
edgeedge2,445.0,0.005392949999994068
edgeedge1,445.0,0.005940641666659863
edgecore,445.0,0.023179147222197605
edgegw,445.0,0.012785833333320396
netcloudedge2,445.0,0.0
netcloudedge1,445.0,0.0
netcloudcore,445.0,0.0
netcloudgw,445.0,0.0
edgegw,445.0,0.0
netcloudgw,445.0,0.0
inter2,445.0,0.012785833333320396
inter1,445.0,0.012785833333320396
internetgw,445.0,0.012785833333320396
edge2gw,445.0,0.0
internetedge,445.0,0.012785833333320396
internetcore,445.0,0.012785833333320396
internetgw,445.0,0.0
edge2edge1,450.0,0.0
edge2core,450.0,0.0
edge2gw,450.0,0.0
edgeedge3,450.0,0.0312191666666628
edgeedge2,450.0,0.007299374999992669
edgeedge1,450.0,0.0047097666666621185
edgecore,450.0,0.024593497222200833
edgegw,450.0,0.013930833333319237
netcloudedge2,450.0,0.0
netcloudedge1,450.0,0.0
netcloudcore,450.0,0.0
netcloudgw,450.0,0.0
edgegw,450.0,0.0
netcloudgw,450.0,0.0
inter2,450.0,0.013930833333319237
inter1,450.0,0.013930833333319237
internetgw,450.0,0.013930833333319237
edge2gw,450.0,0.0
internetedge,450.0,0.013930833333319237
internetcore,450.0,0.013930833333319237
internetgw,450.0,0.0
edge2edge1,455.0,0.0
edge2core,455.0,0.0
edge2gw,455.0,0.0
edgeedge3,455.0,0.03342653611110702
edgeedge2,455.0,0.006009341666658008
edgeedge1,455.0,0.008171483333322849
edgecore,455.0,0.02667105833332961
edgegw,455.0,0.014182733333320208
netcloudedge2,455.0,0.0
netcloudedge1,455.0,0.0
netcloudcore,455.0,0.0
netcloudgw,455.0,0.0
edgegw,455.0,0.0
netcloudgw,455.0,0.0
inter2,455.0,0.014182733333320208
inter1,455.0,0.014182733333320208
internetgw,455.0,0.014182733333320208
edge2gw,455.0,0.0
internetedge,455.0,0.014182733333320208
internetcore,455.0,0.014182733333320208
internetgw,455.0,0.0
edge2edge1,460.0,0.0
edge2core,460.0,0.0
edge2gw,460.0,0.0
edgeedge3,460.0,0.029302194444440932
edgeedge2,460.0,0.004389166666662225
edgeedge1,460.0,0.006869999999993159
edgecore,460.0,0.022723055555557536
edgegw,460.0,0.012404166666654115
netcloudedge2,460.0,0.0
netcloudedge1,460.0,0.0
netcloudcore,460.0,0.0
netcloudgw,460.0,0.0
edgegw,460.0,0.0
netcloudgw,460.0,0.0
inter2,460.0,0.012404166666654115
inter1,460.0,0.012404166666654115
internetgw,460.0,0.012404166666654115
edge2gw,460.0,0.0
internetedge,460.0,0.012404166666654115
internetcore,460.0,0.012404166666654115
internetgw,460.0,0.0
edge2edge1,465.0,0.0
edge2core,465.0,0.0
edge2gw,465.0,0.0
edgeedge3,465.0,0.03777393333333601
edgeedge2,465.0,0.006879541666658384
edgeedge1,465.0,0.007564633333325466
edgecore,465.0,0.026862061111114333
edgegw,465.0,0.013734274999988694
netcloudedge2,465.0,0.0
netcloudedge1,465.0,0.0
netcloudcore,465.0,0.0
netcloudgw,465.0,0.0
edgegw,465.0,0.0
netcloudgw,465.0,0.0
inter2,465.0,0.013734274999988694
inter1,465.0,0.013734274999988694
internetgw,465.0,0.013734274999988694
edge2gw,465.0,0.0
internetedge,465.0,0.013734274999988694
internetcore,465.0,0.013734274999988694
internetgw,465.0,0.0
edge2edge1,470.0,0.0
edge2core,470.0,0.0
edge2gw,470.0,0.0
edgeedge3,470.0,0.03407580555555256
edgeedge2,470.0,0.007642874999989835
edgeedge1,470.0,0.006604741666659142
edgecore,470.0,0.025418861111111912
edgegw,470.0,0.01374572499998905
netcloudedge2,470.0,0.0
netcloudedge1,470.0,0.0
netcloudcore,470.0,0.0
netcloudgw,470.0,0.0
edgegw,470.0,0.0
netcloudgw,470.0,0.0
inter2,470.0,0.01374572499998905
inter1,470.0,0.01374572499998905
internetgw,470.0,0.01374572499998905
edge2gw,470.0,0.0
internetedge,470.0,0.01374572499998905
internetcore,470.0,0.01374572499998905
internetgw,470.0,0.0
edge2edge1,475.0,0.0
edge2core,475.0,0.0
edge2gw,475.0,0.0
edgeedge3,475.0,0.02840504999999416
edgeedge2,475.0,0.005931099999993639
edgeedge1,475.0,0.0064749749999925
edgecore,475.0,0.024557494444445105
edgegw,475.0,0.014031974999987762
netcloudedge2,475.0,0.0
netcloudedge1,475.0,0.0
netcloudcore,475.0,0.0
netcloudgw,475.0,0.0
edgegw,475.0,0.0
netcloudgw,475.0,0.0
inter2,475.0,0.014031974999987762
inter1,475.0,0.014031974999987762
internetgw,475.0,0.014031974999987762
edge2gw,475.0,0.0
internetedge,475.0,0.014031974999987762
internetcore,475.0,0.014031974999987762
internetgw,475.0,0.0
edge2edge1,480.0,0.0
edge2core,480.0,0.0
edge2gw,480.0,0.0
edgeedge3,480.0,0.030442055555552017
edgeedge2,480.0,0.005100974999994845
edgeedge1,480.0,0.006486424999991747
edgecore,480.0,0.02402650833333375
edgegw,480.0,0.013900299999984878
netcloudedge2,480.0,0.0
netcloudedge1,480.0,0.0
netcloudcore,480.0,0.0
netcloudgw,480.0,0.0
edgegw,480.0,0.0
netcloudgw,480.0,0.0
inter2,480.0,0.013900299999984878
inter1,480.0,0.013900299999984878
internetgw,480.0,0.013900299999984878
edge2gw,480.0,0.0
internetedge,480.0,0.013900299999984878
internetcore,480.0,0.013900299999984878
internetgw,480.0,0.0
edge2edge1,485.0,0.0
edge2core,485.0,0.0
edge2gw,485.0,0.0
edgeedge3,485.0,0.02959025555555561
edgeedge2,485.0,0.006536041666654557
edgeedge1,485.0,0.007175333333325651
edgecore,485.0,0.021934611111110502
edgegw,485.0,0.01004737499999786
netcloudedge2,485.0,0.0
netcloudedge1,485.0,0.0
netcloudcore,485.0,0.0
netcloudgw,485.0,0.0
edgegw,485.0,0.0
netcloudgw,485.0,0.0
inter2,485.0,0.01004737499999786
inter1,485.0,0.01004737499999786
internetgw,485.0,0.01004737499999786
edge2gw,485.0,0.0
internetedge,485.0,0.01004737499999786
internetcore,485.0,0.01004737499999786
internetgw,485.0,0.0
edge2edge1,490.0,0.0
edge2core,490.0,0.0
edge2gw,490.0,0.0
edgeedge3,490.0,0.03480683055555511
edgeedge2,490.0,0.005562791666660516
edgeedge1,490.0,0.006129566666659092
edgecore,490.0,0.023640686111111364
edgegw,490.0,0.014161741666654182
netcloudedge2,490.0,0.0
netcloudedge1,490.0,0.0
netcloudcore,490.0,0.0
netcloudgw,490.0,0.0
edgegw,490.0,0.0
netcloudgw,490.0,0.0
inter2,490.0,0.014161741666654182
inter1,490.0,0.014161741666654182
internetgw,490.0,0.014161741666654182
edge2gw,490.0,0.0
internetedge,490.0,0.014161741666654182
internetcore,490.0,0.014161741666654182
internetgw,490.0,0.0
edge2edge1,495.0,0.0
edge2core,495.0,0.0
edge2gw,495.0,0.0
edgeedge3,495.0,0.033249613888887364
edgeedge2,495.0,0.006297499999993628
edgeedge1,495.0,0.0055398916666629106
edgecore,495.0,0.022802336111112265
edgegw,495.0,0.013009108333319697
netcloudedge2,495.0,0.0
netcloudedge1,495.0,0.0
netcloudcore,495.0,0.0
netcloudgw,495.0,0.0
edgegw,495.0,0.0
netcloudgw,495.0,0.0
inter2,495.0,0.013009108333319697
inter1,495.0,0.013009108333319697
internetgw,495.0,0.013009108333319697
edge2gw,495.0,0.0
internetedge,495.0,0.013009108333319697
internetcore,495.0,0.013009108333319697
internetgw,495.0,0.0
edge2edge1,500.0,0.0
edge2core,500.0,0.0
edge2gw,500.0,0.0
edgeedge3,500.0,0.033927980555553905
edgeedge2,500.0,0.005644849999992596
edgeedge1,500.0,0.006345208333328078
edgecore,500.0,0.023916358333333942
edgegw,500.0,0.013940374999988014
netcloudedge2,500.0,0.0
netcloudedge1,500.0,0.0
netcloudcore,500.0,0.0
netcloudgw,500.0,0.0
edgegw,500.0,0.0
netcloudgw,500.0,0.0
inter2,500.0,0.013940374999988014
inter1,500.0,0.013940374999988014
internetgw,500.0,0.013940374999988014
edge2gw,500.0,0.0
internetedge,500.0,0.013940374999988014
internetcore,500.0,0.013940374999988014
internetgw,500.0,0.0
edge2edge1,505.0,0.0
edge2core,505.0,0.0
edge2gw,505.0,0.0
edgeedge3,505.0,0.026962611111110313
edgeedge2,505.0,0.006347116666660879
edgeedge1,505.0,0.003393016666662918
edgecore,505.0,0.019099555555556424
edgegw,505.0,0.010457666666655818
netcloudedge2,505.0,0.0
netcloudedge1,505.0,0.0
netcloudcore,505.0,0.0
netcloudgw,505.0,0.0
edgegw,505.0,0.0
netcloudgw,505.0,0.0
inter2,505.0,0.010457666666655818
inter1,505.0,0.010457666666655818
internetgw,505.0,0.010457666666655818
edge2gw,505.0,0.0
internetedge,505.0,0.010457666666655818
internetcore,505.0,0.010457666666655818
internetgw,505.0,0.0
edge2edge1,510.0,0.0
edge2core,510.0,0.0
edge2gw,510.0,0.0
edgeedge3,510.0,0.03101333333333045
edgeedge2,510.0,0.005312799999993567
edgeedge1,510.0,0.010114166666656432
edgecore,510.0,0.02396772222222321
edgegw,510.0,0.01106069999999093
netcloudedge2,510.0,0.0
netcloudedge1,510.0,0.0
netcloudcore,510.0,0.0
netcloudgw,510.0,0.0
edgegw,510.0,0.0
netcloudgw,510.0,0.0
inter2,510.0,0.01106069999999093
inter1,510.0,0.01106069999999093
internetgw,510.0,0.01106069999999093
edge2gw,510.0,0.0
internetedge,510.0,0.01106069999999093
internetcore,510.0,0.01106069999999093
internetgw,510.0,0.0
edge2edge1,515.0,0.0
edge2core,515.0,0.0
edge2gw,515.0,0.0
edgeedge3,515.0,0.029566469444439747
edgeedge2,515.0,0.0042498583333248074
edgeedge1,515.0,0.00644444166666247
edgecore,515.0,0.022463883333329715
edgegw,515.0,0.014026249999983698
netcloudedge2,515.0,0.0
netcloudedge1,515.0,0.0
netcloudcore,515.0,0.0
netcloudgw,515.0,0.0
edgegw,515.0,0.0
netcloudgw,515.0,0.0
inter2,515.0,0.014026249999983698
inter1,515.0,0.014026249999983698
internetgw,515.0,0.014026249999983698
edge2gw,515.0,0.0
internetedge,515.0,0.014026249999983698
internetcore,515.0,0.014026249999983698
internetgw,515.0,0.0
edge2edge1,520.0,0.0
edge2core,520.0,0.0
edge2gw,520.0,0.0
edgeedge3,520.0,0.028514722222220623
edgeedge2,520.0,0.005534166666661067
edgeedge1,520.0,0.0045799999999953656
edgecore,520.0,0.02064055555555644
edgegw,520.0,0.012594999999987255
netcloudedge2,520.0,0.0
netcloudedge1,520.0,0.0
netcloudcore,520.0,0.0
netcloudgw,520.0,0.0
edgegw,520.0,0.0
netcloudgw,520.0,0.0
inter2,520.0,0.012594999999987255
inter1,520.0,0.012594999999987255
internetgw,520.0,0.012594999999987255
edge2gw,520.0,0.0
internetedge,520.0,0.012594999999987255
internetcore,520.0,0.012594999999987255
internetgw,520.0,0.0
edge2edge1,525.0,0.0
edge2core,525.0,0.0
edge2gw,525.0,0.0
edgeedge3,525.0,0.031196499999996075
edgeedge2,525.0,0.006845191666659534
edgeedge1,525.0,0.005423483333327317
edgecore,525.0,0.02271404444444558
edgegw,525.0,0.012325924999989857
netcloudedge2,525.0,0.0
netcloudedge1,525.0,0.0
netcloudcore,525.0,0.0
netcloudgw,525.0,0.0
edgegw,525.0,0.0
netcloudgw,525.0,0.0
inter2,525.0,0.012325924999989857
inter1,525.0,0.012325924999989857
internetgw,525.0,0.012325924999989857
edge2gw,525.0,0.0
internetedge,525.0,0.012325924999989857
internetcore,525.0,0.012325924999989857
internetgw,525.0,0.0
edge2edge1,530.0,0.0
edge2core,530.0,0.0
edge2gw,530.0,0.0
edgeedge3,530.0,0.031739444444444764
edgeedge2,530.0,0.006297499999993628
edgeedge1,530.0,0.005534166666661067
edgecore,530.0,0.022731388888890702
edgegw,530.0,0.012404166666654115
netcloudedge2,530.0,0.0
netcloudedge1,530.0,0.0
netcloudcore,530.0,0.0
netcloudgw,530.0,0.0
edgegw,530.0,0.0
netcloudgw,530.0,0.0
inter2,530.0,0.012404166666654115
inter1,530.0,0.012404166666654115
internetgw,530.0,0.012404166666654115
edge2gw,530.0,0.0
internetedge,530.0,0.012404166666654115
internetcore,530.0,0.012404166666654115
internetgw,530.0,0.0
edge2edge1,535.0,0.0
edge2core,535.0,0.0
edge2gw,535.0,0.0
edgeedge3,535.0,0.021725719444444902
edgeedge2,535.0,0.006702066666660733
edgeedge1,535.0,0.001478958333330782
edgecore,535.0,0.01601074722222373
edgegw,535.0,0.00820583333332503
netcloudedge2,535.0,0.0
netcloudedge1,535.0,0.0
netcloudcore,535.0,0.0
netcloudgw,535.0,0.0
edgegw,535.0,0.0
netcloudgw,535.0,0.0
inter2,535.0,0.00820583333332503
inter1,535.0,0.00820583333332503
internetgw,535.0,0.00820583333332503
edge2gw,535.0,0.0
internetedge,535.0,0.00820583333332503
internetcore,535.0,0.00820583333332503
internetgw,535.0,0.0
edge2edge1,540.0,0.0
edge2core,540.0,0.0
edge2gw,540.0,0.0
edgeedge3,540.0,0.024107166666664792
edgeedge2,540.0,0.005503633333320157
edgeedge1,540.0,0.005469283333324526
edgecore,540.0,0.017697944444437397
edgegw,540.0,0.0085378833333285
netcloudedge2,540.0,0.0
netcloudedge1,540.0,0.0
netcloudcore,540.0,0.0
netcloudgw,540.0,0.0
edgegw,540.0,0.0
netcloudgw,540.0,0.0
inter2,540.0,0.0085378833333285
inter1,540.0,0.0085378833333285
internetgw,540.0,0.0085378833333285
edge2gw,540.0,0.0
internetedge,540.0,0.0085378833333285
internetcore,540.0,0.0085378833333285
internetgw,540.0,0.0
edge2edge1,545.0,0.0
edge2core,545.0,0.0
edge2gw,545.0,0.0
edgeedge3,545.0,0.03466486111110623
edgeedge2,545.0,0.005276541666656365
edgeedge1,545.0,0.010877499999989104
edgecore,545.0,0.028084861111111525
edgegw,545.0,0.014121666666652377
netcloudedge2,545.0,0.0
netcloudedge1,545.0,0.0
netcloudcore,545.0,0.0
netcloudgw,545.0,0.0
edgegw,545.0,0.0
netcloudgw,545.0,0.0
inter2,545.0,0.014121666666652377
inter1,545.0,0.014121666666652377
internetgw,545.0,0.014121666666652377
edge2gw,545.0,0.0
internetedge,545.0,0.014121666666652377
internetcore,545.0,0.014121666666652377
internetgw,545.0,0.0
edge2edge1,550.0,0.0
edge2core,550.0,0.0
edge2gw,550.0,0.0
edgeedge3,550.0,0.029581794444438536
edgeedge2,550.0,0.005402491666657294
edgeedge1,550.0,0.0060856749999947946
edgecore,550.0,0.023574294444444366
edgegw,550.0,0.014068233333321523
netcloudedge2,550.0,0.0
netcloudedge1,550.0,0.0
netcloudcore,550.0,0.0
netcloudgw,550.0,0.0
edgegw,550.0,0.0
netcloudgw,550.0,0.0
inter2,550.0,0.014068233333321523
inter1,550.0,0.014068233333321523
internetgw,550.0,0.014068233333321523
edge2gw,550.0,0.0
internetedge,550.0,0.014068233333321523
internetcore,550.0,0.014068233333321523
internetgw,550.0,0.0
edge2edge1,555.0,0.0
edge2core,555.0,0.0
edge2gw,555.0,0.0
edgeedge3,555.0,0.029875833333329105
edgeedge2,555.0,0.006297499999993628
edgeedge1,555.0,0.005223108333323512
edgecore,555.0,0.02312166666666693
edgegw,555.0,0.013688474999990374
netcloudedge2,555.0,0.0
netcloudedge1,555.0,0.0
netcloudcore,555.0,0.0
netcloudgw,555.0,0.0
edgegw,555.0,0.0
netcloudgw,555.0,0.0
inter2,555.0,0.013688474999990374
inter1,555.0,0.013688474999990374
internetgw,555.0,0.013688474999990374
edge2gw,555.0,0.0
internetedge,555.0,0.013688474999990374
internetcore,555.0,0.013688474999990374
internetgw,555.0,0.0
edge2edge1,560.0,0.0
edge2core,560.0,0.0
edge2gw,560.0,0.0
edgeedge3,560.0,0.03134355000000033
edgeedge2,560.0,0.006597108333323387
edgeedge1,560.0,0.004961666666661646
edgecore,560.0,0.022269377777777155
edgegw,560.0,0.012201883333321728
netcloudedge2,560.0,0.0
netcloudedge1,560.0,0.0
netcloudcore,560.0,0.0
netcloudgw,560.0,0.0
edgegw,560.0,0.0
netcloudgw,560.0,0.0
inter2,560.0,0.012201883333321728
inter1,560.0,0.012201883333321728
internetgw,560.0,0.012201883333321728
edge2gw,560.0,0.0
internetedge,560.0,0.012201883333321728
internetcore,560.0,0.012201883333321728
internetgw,560.0,0.0
edge2edge1,565.0,0.0
edge2core,565.0,0.0
edge2gw,565.0,0.0
edgeedge3,565.0,0.033756074999999885
edgeedge2,565.0,0.006929158333328855
edgeedge1,565.0,0.006200174999983488
edgecore,565.0,0.023605852777778935
edgegw,565.0,0.012915599999997918
netcloudedge2,565.0,0.0
netcloudedge1,565.0,0.0
netcloudcore,565.0,0.0
netcloudgw,565.0,0.0
edgegw,565.0,0.0
netcloudgw,565.0,0.0
inter2,565.0,0.012915599999997918
inter1,565.0,0.012915599999997918
internetgw,565.0,0.012915599999997918
edge2gw,565.0,0.0
internetedge,565.0,0.012915599999997918
internetcore,565.0,0.012915599999997918
internetgw,565.0,0.0
edge2edge1,570.0,0.0
edge2core,570.0,0.0
edge2gw,570.0,0.0
edgeedge3,570.0,0.031163888888888547
edgeedge2,570.0,0.005946366666659597
edgeedge1,570.0,0.004980749999992429
edgecore,570.0,0.021771666666667855
edgegw,570.0,0.011972883333325024
netcloudedge2,570.0,0.0
netcloudedge1,570.0,0.0
netcloudcore,570.0,0.0
netcloudgw,570.0,0.0
edgegw,570.0,0.0
netcloudgw,570.0,0.0
inter2,570.0,0.011972883333325024
inter1,570.0,0.011972883333325024
internetgw,570.0,0.011972883333325024
edge2gw,570.0,0.0
internetedge,570.0,0.011972883333325024
internetcore,570.0,0.011972883333325024
internetgw,570.0,0.0
edge2edge1,575.0,0.0
edge2core,575.0,0.0
edge2gw,575.0,0.0
edgeedge3,575.0,0.029814822222221427
edgeedge2,575.0,0.005913924999990217
edgeedge1,575.0,0.005829958333329444
edgecore,575.0,0.021788677777779597
edgegw,575.0,0.010774449999993108
netcloudedge2,575.0,0.0
netcloudedge1,575.0,0.0
netcloudcore,575.0,0.0
netcloudgw,575.0,0.0
edgegw,575.0,0.0
netcloudgw,575.0,0.0
inter2,575.0,0.010774449999993108
inter1,575.0,0.010774449999993108
internetgw,575.0,0.010774449999993108
edge2gw,575.0,0.0
internetedge,575.0,0.010774449999993108
internetcore,575.0,0.010774449999993108
internetgw,575.0,0.0
edge2edge1,580.0,0.0
edge2core,580.0,0.0
edge2gw,580.0,0.0
edgeedge3,580.0,0.029664999999996056
edgeedge2,580.0,0.004780374999994952
edgeedge1,580.0,0.005356691666664415
edgecore,580.0,0.021176266666670607
edgegw,580.0,0.012167533333321545
netcloudedge2,580.0,0.0
netcloudedge1,580.0,0.0
netcloudcore,580.0,0.0
netcloudgw,580.0,0.0
edgegw,580.0,0.0
netcloudgw,580.0,0.0
inter2,580.0,0.012167533333321545
inter1,580.0,0.012167533333321545
internetgw,580.0,0.012167533333321545
edge2gw,580.0,0.0
internetedge,580.0,0.012167533333321545
internetcore,580.0,0.012167533333321545
internetgw,580.0,0.0
edge2edge1,585.0,0.0
edge2core,585.0,0.0
edge2gw,585.0,0.0
edgeedge3,585.0,0.030003761111109473
edgeedge2,585.0,0.00561813333332184
edgeedge1,585.0,0.006165824999994185
edgecore,585.0,0.022065719444440912
edgegw,585.0,0.011033983333322173
netcloudedge2,585.0,0.0
netcloudedge1,585.0,0.0
netcloudcore,585.0,0.0
netcloudgw,585.0,0.0
edgegw,585.0,0.0
netcloudgw,585.0,0.0
inter2,585.0,0.011033983333322173
inter1,585.0,0.011033983333322173
internetgw,585.0,0.011033983333322173
edge2gw,585.0,0.0
internetedge,585.0,0.011033983333322173
internetcore,585.0,0.011033983333322173
internetgw,585.0,0.0
edge2edge1,590.0,0.0
edge2core,590.0,0.0
edge2gw,590.0,0.0
edgeedge3,590.0,0.03230122222222187
edgeedge2,590.0,0.005732633333327963
edgeedge1,590.0,0.006406274999988026
edgecore,590.0,0.02292199722221966
edgegw,590.0,0.012659883333326238
netcloudedge2,590.0,0.0
netcloudedge1,590.0,0.0
netcloudcore,590.0,0.0
netcloudgw,590.0,0.0
edgegw,590.0,0.0
netcloudgw,590.0,0.0
inter2,590.0,0.012659883333326238
inter1,590.0,0.012659883333326238
internetgw,590.0,0.012659883333326238
edge2gw,590.0,0.0
internetedge,590.0,0.012659883333326238
internetcore,590.0,0.012659883333326238
internetgw,590.0,0.0
edge2edge1,595.0,0.0
edge2core,595.0,0.0
edge2gw,595.0,0.0
edgeedge3,595.0,0.030414083333332176
edgeedge2,595.0,0.006253608333325
edgeedge1,595.0,0.005534166666661067
edgecore,595.0,0.02178213888888969
edgegw,595.0,0.011831666666654694
netcloudedge2,595.0,0.0
netcloudedge1,595.0,0.0
netcloudcore,595.0,0.0
netcloudgw,595.0,0.0
edgegw,595.0,0.0
netcloudgw,595.0,0.0
inter2,595.0,0.011831666666654694
inter1,595.0,0.011831666666654694
internetgw,595.0,0.011831666666654694
edge2gw,595.0,0.0
internetedge,595.0,0.011831666666654694
internetcore,595.0,0.011831666666654694
internetgw,595.0,0.0
edge2edge1,600.0,0.0
edge2core,600.0,0.0
edge2gw,600.0,0.0
edgeedge3,600.0,0.029741227777778434
edgeedge2,600.0,0.00566584166666273
edgeedge1,600.0,0.005183033333322817
edgecore,600.0,0.020598041666664013
edgegw,600.0,0.010877499999988993
netcloudedge2,600.0,0.0
netcloudedge1,600.0,0.0
netcloudcore,600.0,0.0
netcloudgw,600.0,0.0
edgegw,600.0,0.0
netcloudgw,600.0,0.0
inter2,600.0,0.010877499999988993
inter1,600.0,0.010877499999988993
internetgw,600.0,0.010877499999988993
edge2gw,600.0,0.0
internetedge,600.0,0.010877499999988993
internetcore,600.0,0.010877499999988993
internetgw,600.0,0.0
edge2edge1,605.0,0.0
edge2core,605.0,0.0
edge2gw,605.0,0.0
edgeedge3,605.0,0.008601388888889172
edgeedge2,605.0,0.0013358333333319816
edgeedge1,605.0,0.0011449999999988414
edgecore,605.0,0.006112222222222741
edgegw,605.0,0.004007499999995945
netcloudedge2,605.0,0.0
netcloudedge1,605.0,0.0
netcloudcore,605.0,0.0
netcloudgw,605.0,0.0
edgegw,605.0,0.0
netcloudgw,605.0,0.0
inter2,605.0,0.004007499999995945
inter1,605.0,0.004007499999995945
internetgw,605.0,0.004007499999995945
edge2gw,605.0,0.0
internetedge,605.0,0.004007499999995945
internetcore,605.0,0.004007499999995945
internetgw,605.0,0.0
edgeedge3,610.0,0.0
edgeedge2,610.0,0.0
edgeedge1,610.0,0.0
edgecore,610.0,0.0
edgegw,610.0,0.0
netcloudedge2,610.0,0.0
netcloudedge1,610.0,0.0
netcloudcore,610.0,0.0
netcloudgw,610.0,0.0
edgegw,610.0,0.0
netcloudgw,610.0,0.0
inter2,610.0,0.0
inter1,610.0,0.0
internetgw,610.0,0.0
edge2gw,610.0,0.0
internetedge,610.0,0.0
internetcore,610.0,0.0
internetgw,610.0,0.0
edgeedge3,615.0,0.0
edgeedge2,615.0,0.0
edgeedge1,615.0,0.0
edgecore,615.0,0.0
edgegw,615.0,0.0
netcloudedge2,615.0,0.0
netcloudedge1,615.0,0.0
netcloudcore,615.0,0.0
netcloudgw,615.0,0.0
edgegw,615.0,0.0
netcloudgw,615.0,0.0
inter2,615.0,0.0
inter1,615.0,0.0
internetgw,615.0,0.0
edge2gw,615.0,0.0
internetedge,615.0,0.0
internetcore,615.0,0.0
internetgw,615.0,0.0
edgeedge3,620.0,0.0
edgeedge2,620.0,0.0
edgeedge1,620.0,0.0
edgecore,620.0,0.0
edgegw,620.0,0.0
netcloudedge2,620.0,0.0
netcloudedge1,620.0,0.0
netcloudcore,620.0,0.0
netcloudgw,620.0,0.0
edgegw,620.0,0.0
netcloudgw,620.0,0.0
inter2,620.0,0.0
inter1,620.0,0.0
internetgw,620.0,0.0
edge2gw,620.0,0.0
internetedge,620.0,0.0
internetcore,620.0,0.0
internetgw,620.0,0.0
